curated_path,imagenet_class_idx,imagenet_wnid,imagenet_class_name,wordnet_synset_name,selected_rank
animate\animal\body\bird\chick1.png,8,n01514859,hen,hen.n.02,1
animate\animal\body\bird\chick2.png,7,n01514668,cock,cock.n.05,1
animate\animal\body\bird\chicken1.png,7,n01514668,cock,cock.n.05,1
animate\animal\body\bird\duck1.png,136,n02017213,European_gallinule,european_gallinule.n.01,1
animate\animal\body\bird\duck2.png,97,n01847000,drake,drake.n.02,1
animate\animal\body\bird\duck3.png,82,n01797886,ruffed_grouse,ruffed_grouse.n.01,1
animate\animal\body\bird\duck4.png,98,n01855032,red-breasted_merganser,red-breasted_merganser.n.01,1
animate\animal\body\bird\eagle1.png,22,n01614925,bald_eagle,bald_eagle.n.01,1
animate\animal\body\bird\finch1.png,10,n01530575,brambling,brambling.n.01,1
animate\animal\body\bird\goose1.png,99,n01855672,goose,goose.n.01,3
animate\animal\body\bird\hawk1.png,21,n01608432,kite,kite.n.04,2
animate\animal\body\bird\parrot1.png,88,n01818515,macaw,macaw.n.01,2
animate\animal\body\bird\parrot2.png,88,n01818515,macaw,macaw.n.01,2
animate\animal\body\bird\parrot3.png,88,n01818515,macaw,macaw.n.01,2
animate\animal\body\bird\parrot4.png,87,n01817953,African_grey,african_grey.n.01,1
animate\animal\body\bird\parrot5.png,88,n01818515,macaw,macaw.n.01,2
animate\animal\body\bird\seagull1.png,146,n02058221,albatross,albatross.n.02,1
animate\animal\body\butterfly\butterfly1.png,326,n02281787,lycaenid,lycaenid.n.01,1
animate\animal\body\butterfly\butterfly10.png,326,n02281787,lycaenid,lycaenid.n.01,1
animate\animal\body\butterfly\butterfly11.png,325,n02281406,sulphur_butterfly,sulphur_butterfly.n.01,2
animate\animal\body\butterfly\butterfly13.png,326,n02281787,lycaenid,lycaenid.n.01,2
animate\animal\body\butterfly\butterfly15.png,322,n02277742,ringlet,ringlet.n.04,1
animate\animal\body\butterfly\butterfly17.png,322,n02277742,ringlet,ringlet.n.04,2
animate\animal\body\butterfly\butterfly18.png,322,n02277742,ringlet,ringlet.n.04,2
animate\animal\body\butterfly\butterfly19.png,325,n02281406,sulphur_butterfly,sulphur_butterfly.n.01,1
animate\animal\body\butterfly\butterfly20.png,322,n02277742,ringlet,ringlet.n.04,1
animate\animal\body\butterfly\butterfly21.png,714,n03929660,pick,pick.n.05,3
animate\animal\body\butterfly\butterfly22.png,322,n02277742,ringlet,ringlet.n.04,1
animate\animal\body\butterfly\butterfly23.png,322,n02277742,ringlet,ringlet.n.04,1
animate\animal\body\butterfly\butterfly24.png,324,n02280649,cabbage_butterfly,cabbage_butterfly.n.01,1
animate\animal\body\butterfly\butterfly25.png,322,n02277742,ringlet,ringlet.n.04,1
animate\animal\body\butterfly\butterfly26.png,459,n02892767,brassiere,brassiere.n.01,2
animate\animal\body\butterfly\butterfly27.png,322,n02277742,ringlet,ringlet.n.04,1
animate\animal\body\butterfly\butterfly28.png,326,n02281787,lycaenid,lycaenid.n.01,1
animate\animal\body\butterfly\butterfly29.png,322,n02277742,ringlet,ringlet.n.04,2
animate\animal\body\butterfly\butterfly3.png,322,n02277742,ringlet,ringlet.n.04,2
animate\animal\body\butterfly\butterfly30.png,714,n03929660,pick,pick.n.05,2
animate\animal\body\butterfly\butterfly31.png,322,n02277742,ringlet,ringlet.n.04,1
animate\animal\body\butterfly\butterfly32.png,322,n02277742,ringlet,ringlet.n.04,1
animate\animal\body\butterfly\butterfly33.png,322,n02277742,ringlet,ringlet.n.04,1
animate\animal\body\butterfly\butterfly34.png,322,n02277742,ringlet,ringlet.n.04,1
animate\animal\body\butterfly\butterfly35.png,322,n02277742,ringlet,ringlet.n.04,1
animate\animal\body\butterfly\butterfly36.png,322,n02277742,ringlet,ringlet.n.04,1
animate\animal\body\butterfly\butterfly38.png,5,n01496331,electric_ray,electric_ray.n.01,3
animate\animal\body\butterfly\butterfly4.png,325,n02281406,sulphur_butterfly,sulphur_butterfly.n.01,1
animate\animal\body\butterfly\butterfly5.png,322,n02277742,ringlet,ringlet.n.04,2
animate\animal\body\butterfly\butterfly8.png,322,n02277742,ringlet,ringlet.n.04,1
animate\animal\body\butterfly\butterfly9.png,322,n02277742,ringlet,ringlet.n.04,1
animate\animal\body\fish\fish1.png,389,n02514041,barracouta,barracouta.n.01,2
animate\animal\body\fish\fish11.png,392,n02606052,rock_beauty,rock_beauty.n.01,1
animate\animal\body\fish\fish7.png,389,n02514041,barracouta,barracouta.n.01,3
animate\animal\body\mammal\canine\bernese1.png,244,n02108551,Tibetan_mastiff,tibetan_mastiff.n.01,1
animate\animal\body\mammal\canine\bloodhound1.png,163,n02088466,bloodhound,bloodhound.n.01,1
animate\animal\body\mammal\canine\fox1.png,277,n02119022,red_fox,red_fox.n.03,1
animate\animal\body\mammal\canine\german_shepherd1.png,235,n02106662,German_shepherd,german_shepherd.n.01,1
animate\animal\body\mammal\canine\german_shepherd2.png,235,n02106662,German_shepherd,german_shepherd.n.01,2
animate\animal\body\mammal\canine\great_dane1.png,246,n02109047,Great_Dane,great_dane.n.01,1
animate\animal\body\mammal\canine\great_dane2.png,168,n02090379,redbone,redbone.n.01,2
animate\animal\body\mammal\canine\puppy1.png,240,n02107908,Appenzeller,appenzeller.n.01,1
animate\animal\body\mammal\feline\cat1.png,282,n02123159,tiger_cat,tiger_cat.n.02,1
animate\animal\body\mammal\feline\cat2.png,281,n02123045,tabby,tabby.n.01,1
animate\animal\body\mammal\feline\lion1.png,291,n02129165,lion,lion.n.01,1
animate\animal\body\mammal\feline\snow_leopard1.png,289,n02128757,snow_leopard,snow_leopard.n.01,1
animate\animal\body\mammal\hooved\camel1.png,354,n02437312,Arabian_camel,arabian_camel.n.01,1
animate\animal\body\mammal\hooved\cow1.png,345,n02403003,ox,ox.n.01,1
animate\animal\body\mammal\hooved\donkey1.png,353,n02423022,gazelle,gazelle.n.01,1
animate\animal\body\mammal\hooved\elk1.png,351,n02422106,hartebeest,hartebeest.n.01,1
animate\animal\body\mammal\hooved\goat1.png,350,n02417914,ibex,ibex.n.01,1
animate\animal\body\mammal\hooved\goat2.png,350,n02417914,ibex,ibex.n.01,1
animate\animal\body\mammal\hooved\goat3.png,350,n02417914,ibex,ibex.n.01,1
animate\animal\body\mammal\hooved\sheep1.png,348,n02412080,ram,ram.n.05,1
animate\animal\body\mammal\hooved\sheep2.png,348,n02412080,ram,ram.n.05,1
animate\animal\body\mammal\hooved\skunk_pig1.png,342,n02396427,wild_boar,wild_boar.n.01,1
animate\animal\body\mammal\marsupial\kangaroo1.png,104,n01877812,wallaby,wallaby.n.01,1
animate\animal\body\mammal\primate\monkey1.png,373,n02487347,macaque,macaque.n.01,1
animate\animal\body\mammal\primate\monkey2.png,382,n02494079,squirrel_monkey,squirrel_monkey.n.01,1
animate\animal\body\mammal\rodent\armadillo1.png,363,n02454379,armadillo,armadillo.n.01,1
animate\animal\body\mammal\rodent\hedgehog1.png,334,n02346627,porcupine,porcupine.n.01,1
animate\animal\body\mammal\rodent\squirrel1.png,382,n02494079,squirrel_monkey,squirrel_monkey.n.01,1
animate\animal\body\mammal\rodent\sugar_glider1.png,356,n02441942,weasel,weasel.n.02,2
animate\animal\body\mammal\rodent\sugar_glider2.png,356,n02441942,weasel,weasel.n.02,1
animate\animal\face\bird\chicken1.png,8,n01514859,hen,hen.n.02,1
animate\animal\face\bird\duck1.png,97,n01847000,drake,drake.n.02,2
animate\animal\face\bird\duck2.png,99,n01855672,goose,goose.n.01,3
animate\animal\face\bird\duck3.png,97,n01847000,drake,drake.n.02,1
animate\animal\face\bird\eagle1.png,22,n01614925,bald_eagle,bald_eagle.n.01,2
animate\animal\face\bird\goose1.png,99,n01855672,goose,goose.n.01,1
animate\animal\face\bird\grey_crowned_crane1.png,134,n02012849,crane,crane.n.05,1
animate\animal\face\bird\parrot1.png,90,n01820546,lorikeet,lorikeet.n.01,1
animate\animal\face\bird\parrot2.png,89,n01819313,sulphur-crested_cockatoo,sulphur-crested_cockatoo.n.01,2
animate\animal\face\bird\pheasant1.png,8,n01514859,hen,hen.n.02,1
animate\animal\face\mammal\bear\polar_bear1.png,296,n02134084,ice_bear,ice_bear.n.01,1
animate\animal\face\mammal\canine\border_collie1.png,232,n02106166,Border_collie,border_collie.n.01,1
animate\animal\face\mammal\canine\german_shepherd1.png,235,n02106662,German_shepherd,german_shepherd.n.01,1
animate\animal\face\mammal\canine\great_dane1.png,246,n02109047,Great_Dane,great_dane.n.01,1
animate\animal\face\mammal\canine\samoyed1.png,258,n02111889,Samoyed,samoyed.n.03,1
animate\animal\face\mammal\feline\cat_angora1.png,283,n02123394,Persian_cat,persian_cat.n.01,1
animate\animal\face\mammal\feline\cat1.png,281,n02123045,tabby,tabby.n.01,1
animate\animal\face\mammal\feline\lion1.png,291,n02129165,lion,lion.n.01,1
animate\animal\face\mammal\feline\lion2.png,291,n02129165,lion,lion.n.01,1
animate\animal\face\mammal\feline\ocelot1.png,287,n02127052,lynx,lynx.n.02,3
animate\animal\face\mammal\feline\tiger1.png,292,n02129604,tiger,tiger.n.02,1
animate\animal\face\mammal\hooved\antilope1.png,352,n02422699,impala,impala.n.01,1
animate\animal\face\mammal\hooved\camel1.png,354,n02437312,Arabian_camel,arabian_camel.n.01,1
animate\animal\face\mammal\hooved\deer1.png,353,n02423022,gazelle,gazelle.n.01,1
animate\animal\face\mammal\hooved\deer2.png,353,n02423022,gazelle,gazelle.n.01,2
animate\animal\face\mammal\hooved\deer3.png,353,n02423022,gazelle,gazelle.n.01,1
animate\animal\face\mammal\hooved\donkey1.png,353,n02423022,gazelle,gazelle.n.01,3
animate\animal\face\mammal\hooved\giraffe1.png,353,n02423022,gazelle,gazelle.n.01,2
animate\animal\face\mammal\hooved\goat1.png,353,n02423022,gazelle,gazelle.n.01,1
animate\animal\face\mammal\hooved\goat2.png,350,n02417914,ibex,ibex.n.01,1
animate\animal\face\mammal\hooved\horse1.png,339,n02389026,sorrel,sorrel.n.05,1
animate\animal\face\mammal\hooved\horse2.png,339,n02389026,sorrel,sorrel.n.05,1
animate\animal\face\mammal\hooved\sheep1.png,348,n02412080,ram,ram.n.05,1
animate\animal\face\mammal\primate\baboon1.png,372,n02486410,baboon,baboon.n.01,1
animate\animal\face\mammal\primate\baboon2.png,372,n02486410,baboon,baboon.n.01,1
animate\animal\face\mammal\primate\baboon3.png,372,n02486410,baboon,baboon.n.01,3
animate\animal\face\mammal\primate\baboon4.png,372,n02486410,baboon,baboon.n.01,1
animate\animal\face\mammal\primate\baboon5.png,373,n02487347,macaque,macaque.n.01,1
animate\animal\face\mammal\primate\baboon6.png,373,n02487347,macaque,macaque.n.01,1
animate\animal\face\mammal\primate\capuchin1.png,378,n02492035,capuchin,capuchin.n.02,1
animate\animal\face\mammal\primate\capuchin2.png,378,n02492035,capuchin,capuchin.n.02,1
animate\animal\face\mammal\primate\chimpanzee1.png,367,n02481823,chimpanzee,chimpanzee.n.01,1
animate\animal\face\mammal\primate\chimpanzee2.png,367,n02481823,chimpanzee,chimpanzee.n.01,1
animate\animal\face\mammal\primate\chimpanzee3.png,367,n02481823,chimpanzee,chimpanzee.n.01,1
animate\animal\face\mammal\primate\chimpanzee4.png,367,n02481823,chimpanzee,chimpanzee.n.01,1
animate\animal\face\mammal\primate\gorilla1.png,366,n02480855,gorilla,gorilla.n.01,1
animate\animal\face\mammal\primate\macaque1.png,373,n02487347,macaque,macaque.n.01,1
animate\animal\face\mammal\primate\macaque2.png,373,n02487347,macaque,macaque.n.01,2
animate\animal\face\mammal\primate\macaque3.png,373,n02487347,macaque,macaque.n.01,2
animate\animal\face\mammal\primate\orangutan1.png,365,n02480495,orangutan,orangutan.n.01,1
animate\animal\face\mammal\primate\orangutan2.png,365,n02480495,orangutan,orangutan.n.01,1
animate\animal\face\mammal\primate\vervet1.png,370,n02484975,guenon,guenon.n.01,1
animate\animal\face\mammal\rodent\hedgehog1.png,334,n02346627,porcupine,porcupine.n.01,1
animate\human\body\child\child1.png,608,n03594734,jean,jean.n.01,1
animate\human\body\child\child2.png,416,n02777292,balance_beam,balance_beam.n.01,1
animate\human\body\child\child3.png,752,n04039381,racket,racket.n.04,1
animate\human\body\child\child4.png,885,n04525038,velvet,velvet.n.01,1
animate\human\body\child\child5.png,416,n02777292,balance_beam,balance_beam.n.01,1
animate\human\body\clown\clown1.png,885,n04525038,velvet,velvet.n.01,2
animate\human\body\clown\clown2.png,795,n04228054,ski,ski.n.01,1
animate\human\body\clown\clown3.png,795,n04228054,ski,ski.n.01,3
animate\human\body\hand\hand1.png,714,n03929660,pick,pick.n.05,1
animate\human\body\hand\hand10.png,826,n04328186,stopwatch,stopwatch.n.01,2
animate\human\body\hand\hand11.png,826,n04328186,stopwatch,stopwatch.n.01,2
animate\human\body\hand\hand12.png,78,n01776313,tick,tick.n.02,2
animate\human\body\hand\hand13.png,714,n03929660,pick,pick.n.05,3
animate\human\body\hand\hand14.png,714,n03929660,pick,pick.n.05,2
animate\human\body\hand\hand15.png,823,n04317175,stethoscope,stethoscope.n.01,3
animate\human\body\hand\hand16.png,826,n04328186,stopwatch,stopwatch.n.01,3
animate\human\body\hand\hand17.png,714,n03929660,pick,pick.n.05,1
animate\human\body\hand\hand18.png,714,n03929660,pick,pick.n.05,3
animate\human\body\hand\hand19.png,643,n03724870,mask,mask.n.01,1
animate\human\body\hand\hand2.png,826,n04328186,stopwatch,stopwatch.n.01,2
animate\human\body\hand\hand20.png,826,n04328186,stopwatch,stopwatch.n.01,3
animate\human\body\hand\hand21.png,615,n03623198,knee_pad,knee_pad.n.01,2
animate\human\body\hand\hand22.png,696,n03876231,paintbrush,paintbrush.n.01,2
animate\human\body\hand\hand23.png,714,n03929660,pick,pick.n.05,1
animate\human\body\hand\hand24.png,542,n03250847,drumstick,drumstick.n.02,2
animate\human\body\hand\hand25.png,543,n03255030,dumbbell,dumbbell.n.01,1
animate\human\body\hand\hand26.png,878,n04505470,typewriter_keyboard,typewriter_keyboard.n.01,3
animate\human\body\hand\hand27.png,838,n04357314,sunscreen,sunscreen.n.01,3
animate\human\body\hand\hand3.png,711,n03916031,perfume,perfume.n.02,3
animate\human\body\hand\hand4.png,804,n04254120,soap_dispenser,soap_dispenser.n.01,1
animate\human\body\hand\hand5.png,711,n03916031,perfume,perfume.n.02,2
animate\human\body\hand\hand6.png,844,n04372370,switch,switch.n.01,2
animate\human\body\hand\hand7.png,587,n03481172,hammer,hammer.n.02,2
animate\human\body\hand\hand8.png,826,n04328186,stopwatch,stopwatch.n.01,1
animate\human\body\hand\hand9.png,804,n04254120,soap_dispenser,soap_dispenser.n.01,3
animate\human\body\man\athlete1.png,701,n03888257,parachute,parachute.n.01,1
animate\human\body\man\baseball1.png,429,n02799071,baseball,baseball.n.02,2
animate\human\body\man\baseball2.png,429,n02799071,baseball,baseball.n.02,2
animate\human\body\man\baseball3.png,429,n02799071,baseball,baseball.n.02,2
animate\human\body\man\basketball1.png,430,n02802426,basketball,basketball.n.02,1
animate\human\body\man\basketball2.png,543,n03255030,dumbbell,dumbbell.n.01,1
animate\human\body\man\bicycle1.png,444,n02835271,bicycle-built-for-two,bicycle-built-for-two.n.01,2
animate\human\body\man\business_man1.png,834,n04350905,suit,suit.n.01,2
animate\human\body\man\business_man2.png,414,n02769748,backpack,backpack.n.01,2
animate\human\body\man\business_man4.png,834,n04350905,suit,suit.n.01,1
animate\human\body\man\hunter1.png,764,n04090263,rifle,rifle.n.01,2
animate\human\body\man\old1.png,597,n03527444,holster,holster.n.01,2
animate\human\body\man\running1.png,805,n04254680,soccer_ball,soccer_ball.n.01,1
animate\human\body\man\samurai1.png,747,n04023962,punching_bag,punching_bag.n.02,2
animate\human\body\man\soccer1.png,747,n04023962,punching_bag,punching_bag.n.02,2
animate\human\body\man\worker1.png,491,n03000684,chain_saw,chain_saw.n.01,1
animate\human\body\man\young1.png,834,n04350905,suit,suit.n.01,1
animate\human\body\woman\dance1.png,689,n03866082,overskirt,overskirt.n.01,1
animate\human\body\woman\dance2.png,529,n03188531,diaper,diaper.n.01,1
animate\human\body\woman\dance3.png,880,n04509417,unicycle,unicycle.n.01,1
animate\human\body\woman\dress1.png,578,n03450230,gown,gown.n.01,3
animate\human\body\woman\hokey1.png,676,n03803284,muzzle,muzzle.n.03,3
animate\human\body\woman\running1.png,655,n03770439,miniskirt,miniskirt.n.01,1
animate\human\body\woman\running2.png,543,n03255030,dumbbell,dumbbell.n.01,1
animate\human\body\woman\young1.png,911,n04599235,wool,wool.n.01,3
animate\human\body\woman\young2.png,608,n03594734,jean,jean.n.01,3
animate\human\body\woman\young3.png,630,n03680355,Loafer,loafer.n.02,2
animate\human\face\asian\female1.png,678,n03814639,neck_brace,neck_brace.n.01,1
animate\human\face\asian\female10.png,903,n04584207,wig,wig.n.01,1
animate\human\face\asian\female11.png,852,n04409515,tennis_ball,tennis_ball.n.01,2
animate\human\face\hispanic\female1.png,834,n04350905,suit,suit.n.01,1
animate\human\face\asian\female2.png,823,n04317175,stethoscope,stethoscope.n.01,2
animate\human\face\asian\female3.png,834,n04350905,suit,suit.n.01,3
animate\human\face\asian\female4.png,834,n04350905,suit,suit.n.01,1
animate\human\face\asian\female5.png,834,n04350905,suit,suit.n.01,3
animate\human\face\asian\female6.png,834,n04350905,suit,suit.n.01,2
animate\human\face\asian\female7.png,903,n04584207,wig,wig.n.01,1
animate\human\face\asian\female8.png,529,n03188531,diaper,diaper.n.01,1
animate\human\face\asian\female9.png,852,n04409515,tennis_ball,tennis_ball.n.01,1
animate\human\face\asian\male1.png,834,n04350905,suit,suit.n.01,2
animate\human\face\asian\male10.png,834,n04350905,suit,suit.n.01,3
animate\human\face\asian\male11.png,834,n04350905,suit,suit.n.01,3
animate\human\face\asian\male2.png,852,n04409515,tennis_ball,tennis_ball.n.01,2
animate\human\face\asian\male3.png,834,n04350905,suit,suit.n.01,3
animate\human\face\asian\male4.png,852,n04409515,tennis_ball,tennis_ball.n.01,2
animate\human\face\asian\male5.png,834,n04350905,suit,suit.n.01,2
animate\human\face\asian\male6.png,834,n04350905,suit,suit.n.01,2
animate\human\face\asian\male7.png,722,n03942813,ping-pong_ball,ping-pong_ball.n.01,1
animate\human\face\asian\male8.png,852,n04409515,tennis_ball,tennis_ball.n.01,1
animate\human\face\asian\male9.png,678,n03814639,neck_brace,neck_brace.n.01,1
animate\human\face\black\female1.png,459,n02892767,brassiere,brassiere.n.01,3
animate\human\face\black\female2.png,903,n04584207,wig,wig.n.01,1
animate\human\face\black\female3.png,459,n02892767,brassiere,brassiere.n.01,2
animate\human\face\black\female4.png,834,n04350905,suit,suit.n.01,2
animate\human\face\black\female5.png,903,n04584207,wig,wig.n.01,1
animate\human\face\black\female6.png,834,n04350905,suit,suit.n.01,2
animate\human\face\black\female7.png,903,n04584207,wig,wig.n.01,1
animate\human\face\black\male1.png,834,n04350905,suit,suit.n.01,2
animate\human\face\black\male2.png,834,n04350905,suit,suit.n.01,1
animate\human\face\black\male3.png,834,n04350905,suit,suit.n.01,2
animate\human\face\black\male4.png,834,n04350905,suit,suit.n.01,1
animate\human\face\black\male5.png,834,n04350905,suit,suit.n.01,2
animate\human\face\black\male6.png,834,n04350905,suit,suit.n.01,2
animate\human\face\black\male7.png,834,n04350905,suit,suit.n.01,2
animate\human\face\black\male8.png,906,n04591157,Windsor_tie,windsor_tie.n.01,2
animate\human\face\black\male9.png,465,n02916936,bulletproof_vest,bulletproof_vest.n.01,1
animate\human\face\caucasian\female1.png,678,n03814639,neck_brace,neck_brace.n.01,3
animate\human\face\caucasian\female10.png,834,n04350905,suit,suit.n.01,1
animate\human\face\caucasian\female11.png,459,n02892767,brassiere,brassiere.n.01,2
animate\human\face\caucasian\female12.png,911,n04599235,wool,wool.n.01,3
animate\human\face\caucasian\female13.png,834,n04350905,suit,suit.n.01,3
animate\human\face\caucasian\female14.png,834,n04350905,suit,suit.n.01,3
animate\human\face\caucasian\female15.png,834,n04350905,suit,suit.n.01,3
animate\human\face\caucasian\female16.png,834,n04350905,suit,suit.n.01,3
animate\human\face\caucasian\female17.png,903,n04584207,wig,wig.n.01,1
animate\human\face\caucasian\female18.png,459,n02892767,brassiere,brassiere.n.01,2
animate\human\face\caucasian\female19.png,834,n04350905,suit,suit.n.01,3
animate\human\face\caucasian\female2.png,823,n04317175,stethoscope,stethoscope.n.01,1
animate\human\face\caucasian\female20.png,834,n04350905,suit,suit.n.01,2
animate\human\face\caucasian\female21.png,903,n04584207,wig,wig.n.01,1
animate\human\face\caucasian\female22.png,837,n04356056,sunglasses,sunglasses.n.01,1
animate\human\face\caucasian\female23.png,678,n03814639,neck_brace,neck_brace.n.01,1
animate\human\face\caucasian\female24.png,617,n03630383,lab_coat,lab_coat.n.01,1
animate\human\face\caucasian\female25.png,459,n02892767,brassiere,brassiere.n.01,1
animate\human\face\caucasian\female26.png,459,n02892767,brassiere,brassiere.n.01,2
animate\human\face\caucasian\female27.png,834,n04350905,suit,suit.n.01,1
animate\human\face\caucasian\female28.png,834,n04350905,suit,suit.n.01,3
animate\human\face\caucasian\female29.png,834,n04350905,suit,suit.n.01,2
animate\human\face\caucasian\female3.png,823,n04317175,stethoscope,stethoscope.n.01,1
animate\human\face\caucasian\female30.png,834,n04350905,suit,suit.n.01,3
animate\human\face\caucasian\female31.png,400,n02669723,academic_gown,academic_gown.n.01,1
animate\human\face\hispanic\female2.png,834,n04350905,suit,suit.n.01,3
animate\human\face\hispanic\female3.png,823,n04317175,stethoscope,stethoscope.n.01,1
animate\human\face\hispanic\female4.png,678,n03814639,neck_brace,neck_brace.n.01,1
animate\human\face\caucasian\female5.png,678,n03814639,neck_brace,neck_brace.n.01,1
animate\human\face\caucasian\female6.png,678,n03814639,neck_brace,neck_brace.n.01,1
animate\human\face\caucasian\female7.png,834,n04350905,suit,suit.n.01,2
animate\human\face\caucasian\female4.png,400,n02669723,academic_gown,academic_gown.n.01,1
animate\human\face\caucasian\female5.png,678,n03814639,neck_brace,neck_brace.n.01,1
animate\human\face\caucasian\female6.png,678,n03814639,neck_brace,neck_brace.n.01,1
animate\human\face\caucasian\female7.png,834,n04350905,suit,suit.n.01,2
animate\human\face\caucasian\female8.png,459,n02892767,brassiere,brassiere.n.01,2
animate\human\face\caucasian\female9.png,834,n04350905,suit,suit.n.01,1
animate\human\face\caucasian\male1.png,834,n04350905,suit,suit.n.01,3
animate\human\face\caucasian\male10.png,834,n04350905,suit,suit.n.01,1
animate\human\face\caucasian\male11.png,678,n03814639,neck_brace,neck_brace.n.01,3
animate\human\face\caucasian\male12.png,834,n04350905,suit,suit.n.01,1
animate\human\face\caucasian\male13.png,834,n04350905,suit,suit.n.01,2
animate\human\face\caucasian\male14.png,834,n04350905,suit,suit.n.01,3
animate\human\face\caucasian\male15.png,834,n04350905,suit,suit.n.01,2
animate\human\face\caucasian\male16.png,834,n04350905,suit,suit.n.01,2
animate\human\face\caucasian\male17.png,834,n04350905,suit,suit.n.01,3
animate\human\face\caucasian\male18.png,834,n04350905,suit,suit.n.01,2
animate\human\face\caucasian\male19.png,911,n04599235,wool,wool.n.01,3
animate\human\face\caucasian\male2.png,834,n04350905,suit,suit.n.01,2
animate\human\face\caucasian\male20.png,834,n04350905,suit,suit.n.01,2
animate\human\face\caucasian\male21.png,678,n03814639,neck_brace,neck_brace.n.01,2
animate\human\face\caucasian\male22.png,834,n04350905,suit,suit.n.01,2
animate\human\face\caucasian\male23.png,678,n03814639,neck_brace,neck_brace.n.01,2
animate\human\face\caucasian\male24.png,834,n04350905,suit,suit.n.01,2
animate\human\face\caucasian\male2.png,834,n04350905,suit,suit.n.01,2
animate\human\face\caucasian\male3.png,906,n04591157,Windsor_tie,windsor_tie.n.01,1
animate\human\face\caucasian\male3.png,906,n04591157,Windsor_tie,windsor_tie.n.01,1
animate\human\face\caucasian\male4.png,834,n04350905,suit,suit.n.01,1
animate\human\face\caucasian\male1.png,834,n04350905,suit,suit.n.01,3
animate\human\face\caucasian\male6.png,834,n04350905,suit,suit.n.01,3
animate\human\face\caucasian\male7.png,834,n04350905,suit,suit.n.01,2
animate\human\face\caucasian\male8.png,834,n04350905,suit,suit.n.01,2
animate\human\face\caucasian\male9.png,834,n04350905,suit,suit.n.01,2
inanimate\handmade\ball\baseball1.png,429,n02799071,baseball,baseball.n.02,1
inanimate\handmade\ball\basketball1.png,430,n02802426,basketball,basketball.n.02,1
inanimate\handmade\ball\basketball2.png,430,n02802426,basketball,basketball.n.02,1
inanimate\handmade\ball\basketball3.png,430,n02802426,basketball,basketball.n.02,1
inanimate\handmade\ball\basketball4.png,430,n02802426,basketball,basketball.n.02,1
inanimate\handmade\ball\basketball5.png,430,n02802426,basketball,basketball.n.02,1
inanimate\handmade\ball\basketball6.png,430,n02802426,basketball,basketball.n.02,1
inanimate\handmade\ball\basketball7.png,430,n02802426,basketball,basketball.n.02,1
inanimate\handmade\ball\basketball8.png,430,n02802426,basketball,basketball.n.02,1
inanimate\handmade\ball\beach_ball3.png,890,n04540053,volleyball,volleyball.n.02,2
inanimate\handmade\ball\billiard1.png,722,n03942813,ping-pong_ball,ping-pong_ball.n.01,2
inanimate\handmade\ball\football2.png,805,n04254680,soccer_ball,soccer_ball.n.01,1
inanimate\handmade\ball\football3.png,805,n04254680,soccer_ball,soccer_ball.n.01,1
inanimate\handmade\ball\football5.png,805,n04254680,soccer_ball,soccer_ball.n.01,1
inanimate\handmade\ball\football6.png,805,n04254680,soccer_ball,soccer_ball.n.01,1
inanimate\handmade\ball\golf_ball1.png,574,n03445777,golf_ball,golf_ball.n.01,1
inanimate\handmade\ball\golf_ball2.png,574,n03445777,golf_ball,golf_ball.n.01,1
inanimate\handmade\ball\golf_ball3.png,574,n03445777,golf_ball,golf_ball.n.01,1
inanimate\handmade\ball\other2.png,747,n04023962,punching_bag,punching_bag.n.02,1
inanimate\handmade\ball\tennis1.png,852,n04409515,tennis_ball,tennis_ball.n.01,1
inanimate\handmade\ball\tennis3.png,852,n04409515,tennis_ball,tennis_ball.n.01,1
inanimate\handmade\ball\volleyball1.png,890,n04540053,volleyball,volleyball.n.02,1
inanimate\handmade\ball\volleyball2.png,890,n04540053,volleyball,volleyball.n.02,3
inanimate\handmade\ball\volleyball3.png,890,n04540053,volleyball,volleyball.n.02,2
inanimate\handmade\clothing\bowtie1.png,457,n02883205,bow_tie,bow_tie.n.01,2
inanimate\handmade\clothing\dress1.png,834,n04350905,suit,suit.n.01,1
inanimate\handmade\clothing\glasses1.png,837,n04356056,sunglasses,sunglasses.n.01,2
inanimate\handmade\clothing\glasses2.png,837,n04356056,sunglasses,sunglasses.n.01,2
inanimate\handmade\clothing\glasses3.png,837,n04356056,sunglasses,sunglasses.n.01,2
inanimate\handmade\clothing\gloves1.png,658,n03775071,mitten,mitten.n.01,1
inanimate\handmade\clothing\hat1.png,808,n04259630,sombrero,sombrero.n.02,1
inanimate\handmade\clothing\hat2.png,808,n04259630,sombrero,sombrero.n.02,2
inanimate\handmade\clothing\hat3.png,518,n03127747,crash_helmet,crash_helmet.n.01,1
inanimate\handmade\clothing\jeans1.png,608,n03594734,jean,jean.n.01,1
inanimate\handmade\clothing\necklace1.png,679,n03814906,necklace,necklace.n.01,1
inanimate\handmade\clothing\necklace2.png,679,n03814906,necklace,necklace.n.01,2
inanimate\handmade\clothing\ring1.png,451,n02865351,bolo_tie,bolo_tie.n.01,1
inanimate\handmade\clothing\ring2.png,506,n03065424,coil,coil.n.01,1
inanimate\handmade\clothing\ring3.png,451,n02865351,bolo_tie,bolo_tie.n.01,3
inanimate\handmade\clothing\ring4.png,902,n04579432,whistle,whistle.n.04,1
inanimate\handmade\clothing\shirt1.png,697,n03877472,pajama,pajama.n.02,1
inanimate\handmade\clothing\shoe1.png,774,n04133789,sandal,sandal.n.01,2
inanimate\handmade\clothing\shoe2.png,630,n03680355,Loafer,loafer.n.02,2
inanimate\handmade\clothing\shoe3.png,514,n03124043,cowboy_boot,cowboy_boot.n.01,1
inanimate\handmade\clothing\shoe4.png,502,n03047690,clog,clog.n.01,1
inanimate\handmade\clothing\sock1.png,806,n04254777,sock,sock.n.01,2
inanimate\handmade\clothing\watch1.png,409,n02708093,analog_clock,analog_clock.n.01,1
inanimate\handmade\clothing\watch10.png,409,n02708093,analog_clock,analog_clock.n.01,1
inanimate\handmade\clothing\watch11.png,409,n02708093,analog_clock,analog_clock.n.01,1
inanimate\handmade\clothing\watch12.png,409,n02708093,analog_clock,analog_clock.n.01,1
inanimate\handmade\clothing\watch2.png,531,n03197337,digital_watch,digital_watch.n.01,3
inanimate\handmade\clothing\watch3.png,409,n02708093,analog_clock,analog_clock.n.01,1
inanimate\handmade\clothing\watch4.png,426,n02794156,barometer,barometer.n.01,1
inanimate\handmade\clothing\watch5.png,531,n03197337,digital_watch,digital_watch.n.01,2
inanimate\handmade\clothing\watch6.png,409,n02708093,analog_clock,analog_clock.n.01,1
inanimate\handmade\clothing\watch7.png,826,n04328186,stopwatch,stopwatch.n.01,1
inanimate\handmade\clothing\watch8.png,409,n02708093,analog_clock,analog_clock.n.01,1
inanimate\handmade\clothing\watch9.png,409,n02708093,analog_clock,analog_clock.n.01,1
inanimate\handmade\electric\calculator1.png,878,n04505470,typewriter_keyboard,typewriter_keyboard.n.01,2
inanimate\handmade\electric\camera1.png,732,n03976467,Polaroid_camera,polaroid_camera.n.01,2
inanimate\handmade\electric\cd1.png,592,n03492542,hard_disc,hard_disc.n.01,1
inanimate\handmade\electric\cellphone1.png,487,n02992529,cellular_telephone,cellular_telephone.n.01,1
inanimate\handmade\electric\computer_screen1.png,782,n04152593,screen,screen.n.03,1
inanimate\handmade\electric\fan1.png,545,n03271574,electric_fan,electric_fan.n.01,1
inanimate\handmade\electric\iron1.png,606,n03584829,iron,iron.n.04,1
inanimate\handmade\electric\microwave1.png,651,n03761084,microwave,microwave.n.02,1
inanimate\handmade\electric\phonograph1.png,818,n04286575,spotlight,spotlight.n.02,2
inanimate\handmade\electric\phonograph2.png,566,n03394916,French_horn,french_horn.n.01,1
inanimate\handmade\electric\speaker1.png,632,n03691459,loudspeaker,loudspeaker.n.01,1
inanimate\handmade\electric\stove1.png,827,n04330267,stove,stove.n.02,1
inanimate\handmade\electric\stove2.png,827,n04330267,stove,stove.n.02,1
inanimate\handmade\electric\tape1.png,481,n02978881,cassette,cassette.n.01,1
inanimate\handmade\electric\telephone1.png,528,n03187595,dial_telephone,dial_telephone.n.01,1
inanimate\handmade\electric\television1.png,851,n04404412,television,television.n.02,1
inanimate\handmade\electric\timer1.png,826,n04328186,stopwatch,stopwatch.n.01,1
inanimate\handmade\electric\washer1.png,897,n04554684,washer,washer.n.03,1
inanimate\handmade\food\bread1.png,930,n07684084,French_loaf,french_loaf.n.01,1
inanimate\handmade\food\gummy1.png,455,n02877765,bottlecap,bottlecap.n.01,1
inanimate\handmade\food\gummy2.png,949,n07745940,strawberry,strawberry.n.01,2
inanimate\handmade\food\gummy3.png,929,n07615774,ice_lolly,ice_lolly.n.01,2
inanimate\handmade\food\pasta1.png,710,n03908714,pencil_sharpener,pencil_sharpener.n.01,1
inanimate\handmade\food\pasta2.png,942,n07717556,butternut_squash,butternut_squash.n.02,1
inanimate\handmade\furniture\bed1.png,894,n04550184,wardrobe,wardrobe.n.01,3
inanimate\handmade\furniture\bed2.png,564,n03388549,four-poster,four-poster.n.01,2
inanimate\handmade\furniture\bed3.png,831,n04344873,studio_couch,studio_couch.n.01,2
inanimate\handmade\furniture\bed4.png,885,n04525038,velvet,velvet.n.01,3
inanimate\handmade\furniture\cabinet1.png,894,n04550184,wardrobe,wardrobe.n.01,1
inanimate\handmade\furniture\cabinet2.png,493,n03016953,chiffonier,chiffonier.n.01,1
inanimate\handmade\furniture\cabinet3.png,894,n04550184,wardrobe,wardrobe.n.01,1
inanimate\handmade\furniture\cabinet4.png,894,n04550184,wardrobe,wardrobe.n.01,2
inanimate\handmade\furniture\cabinet5.png,894,n04550184,wardrobe,wardrobe.n.01,1
inanimate\handmade\furniture\chair1.png,423,n02791124,barber_chair,barber_chair.n.01,1
inanimate\handmade\furniture\chair2.png,765,n04099969,rocking_chair,rocking_chair.n.01,1
inanimate\handmade\furniture\chair3.png,765,n04099969,rocking_chair,rocking_chair.n.01,3
inanimate\handmade\furniture\chair4.png,559,n03376595,folding_chair,folding_chair.n.01,1
inanimate\handmade\furniture\chair5.png,423,n02791124,barber_chair,barber_chair.n.01,1
inanimate\handmade\furniture\chair6.png,765,n04099969,rocking_chair,rocking_chair.n.01,1
inanimate\handmade\furniture\chair7.png,765,n04099969,rocking_chair,rocking_chair.n.01,2
inanimate\handmade\furniture\chair8.png,765,n04099969,rocking_chair,rocking_chair.n.01,1
inanimate\handmade\furniture\desk1.png,532,n03201208,dining_table,dining_table.n.01,2
inanimate\handmade\furniture\desk2.png,702,n03888605,parallel_bars,parallel_bars.n.01,1
inanimate\handmade\furniture\fireplace1.png,526,n03179701,desk,desk.n.01,2
inanimate\handmade\furniture\fireplace2.png,553,n03337140,file,file.n.03,2
inanimate\handmade\furniture\lamp1.png,846,n04380533,table_lamp,table_lamp.n.01,1
inanimate\handmade\furniture\lamp2.png,846,n04380533,table_lamp,table_lamp.n.01,1
inanimate\handmade\furniture\lamp3.png,846,n04380533,table_lamp,table_lamp.n.01,1
inanimate\handmade\furniture\lamp4.png,818,n04286575,spotlight,spotlight.n.02,2
inanimate\handmade\furniture\lamp5.png,846,n04380533,table_lamp,table_lamp.n.01,1
inanimate\handmade\furniture\lamp6.png,747,n04023962,punching_bag,punching_bag.n.02,2
inanimate\handmade\furniture\sofa1.png,831,n04344873,studio_couch,studio_couch.n.01,1
inanimate\handmade\furniture\sofa2.png,831,n04344873,studio_couch,studio_couch.n.01,1
inanimate\handmade\furniture\sofa3.png,831,n04344873,studio_couch,studio_couch.n.01,1
inanimate\handmade\furniture\sofa4.png,831,n04344873,studio_couch,studio_couch.n.01,1
inanimate\handmade\furniture\sofa5.png,831,n04344873,studio_couch,studio_couch.n.01,1
inanimate\handmade\furniture\stool1.png,559,n03376595,folding_chair,folding_chair.n.01,1
inanimate\handmade\furniture\stool2.png,846,n04380533,table_lamp,table_lamp.n.01,2
inanimate\handmade\furniture\stool3.png,831,n04344873,studio_couch,studio_couch.n.01,1
inanimate\handmade\furniture\stool4.png,532,n03201208,dining_table,dining_table.n.01,2
inanimate\handmade\furniture\table1.png,532,n03201208,dining_table,dining_table.n.01,2
inanimate\handmade\furniture\table2.png,526,n03179701,desk,desk.n.01,3
inanimate\handmade\furniture\table3.png,846,n04380533,table_lamp,table_lamp.n.01,1
inanimate\handmade\furniture\table4.png,532,n03201208,dining_table,dining_table.n.01,1
inanimate\handmade\furniture\table5.png,846,n04380533,table_lamp,table_lamp.n.01,2
inanimate\handmade\furniture\table6.png,532,n03201208,dining_table,dining_table.n.01,1
inanimate\handmade\furniture\table7.png,532,n03201208,dining_table,dining_table.n.01,1
inanimate\handmade\kitchen\bottle1.png,899,n04560804,water_jug,water_jug.n.01,1
inanimate\handmade\kitchen\grater1.png,761,n04074963,remote_control,remote_control.n.01,3
inanimate\handmade\kitchen\jar1.png,720,n03937543,pill_bottle,pill_bottle.n.01,1
inanimate\handmade\kitchen\kettle1.png,505,n03063689,coffeepot,coffeepot.n.01,1
inanimate\handmade\kitchen\kettle2.png,505,n03063689,coffeepot,coffeepot.n.01,1
inanimate\handmade\kitchen\muffin_pan1.png,868,n04476259,tray,tray.n.01,1
inanimate\handmade\kitchen\mug1.png,504,n03063599,coffee_mug,coffee_mug.n.01,1
inanimate\handmade\kitchen\mug2.png,504,n03063599,coffee_mug,coffee_mug.n.01,1
inanimate\handmade\kitchen\mug3.png,504,n03063599,coffee_mug,coffee_mug.n.01,3
inanimate\handmade\kitchen\mug4.png,725,n03950228,pitcher,pitcher.n.02,3
inanimate\handmade\kitchen\pan1.png,567,n03400231,frying_pan,frying_pan.n.01,1
inanimate\handmade\kitchen\pan2.png,567,n03400231,frying_pan,frying_pan.n.01,1
inanimate\handmade\kitchen\pan3.png,567,n03400231,frying_pan,frying_pan.n.01,1
inanimate\handmade\kitchen\pan4.png,567,n03400231,frying_pan,frying_pan.n.01,1
inanimate\handmade\kitchen\pan5.png,813,n04270147,spatula,spatula.n.01,2
inanimate\handmade\kitchen\pizza_knife1.png,541,n03249569,drum,drum.n.01,1
inanimate\handmade\kitchen\pot1.png,521,n03133878,Crock_Pot,crock_pot.n.01,1
inanimate\handmade\kitchen\pot2.png,469,n02939185,caldron,caldron.n.01,3
inanimate\handmade\kitchen\pot3.png,469,n02939185,caldron,caldron.n.01,1
inanimate\handmade\kitchen\rolling_pin1.png,542,n03250847,drumstick,drumstick.n.02,2
inanimate\handmade\kitchen\rolling_pin2.png,666,n03786901,mortar,mortar.n.03,1
inanimate\handmade\kitchen\vase1.png,725,n03950228,pitcher,pitcher.n.02,2
inanimate\handmade\other\bedminton_racket1.png,752,n04039381,racket,racket.n.04,1
inanimate\handmade\other\bowling1.png,641,n03720891,maraca,maraca.n.01,1
inanimate\handmade\other\chess1.png,619,n03637318,lampshade,lampshade.n.01,2
inanimate\handmade\other\coral1.png,991,n12985857,coral_fungus,coral_fungus.n.01,1
inanimate\handmade\other\coral2.png,828,n04332243,strainer,strainer.n.01,1
inanimate\handmade\other\dart1.png,693,n03873416,paddle,paddle.n.04,1
inanimate\handmade\other\die1.png,714,n03929660,pick,pick.n.05,2
inanimate\handmade\other\drum1.png,541,n03249569,drum,drum.n.01,1
inanimate\handmade\other\fishing_float1.png,722,n03942813,ping-pong_ball,ping-pong_ball.n.01,1
inanimate\handmade\other\fishing_hook1.png,600,n03532672,hook,hook.n.04,1
inanimate\handmade\other\flag1.png,893,n04548362,wallet,wallet.n.01,3
inanimate\handmade\other\flag2.png,636,n03709823,mailbag,mailbag.n.02,1
inanimate\handmade\other\gun1.png,764,n04090263,rifle,rifle.n.01,3
inanimate\handmade\other\harmonica1.png,699,n03884397,panpipe,panpipe.n.01,1
inanimate\handmade\other\keyboard1.png,401,n02672831,accordion,accordion.n.01,3
inanimate\handmade\other\keyboard2.png,687,n03854065,organ,organ.n.05,3
inanimate\handmade\other\medal1.png,747,n04023962,punching_bag,punching_bag.n.02,2
inanimate\handmade\other\medal2.png,795,n04228054,ski,ski.n.01,2
inanimate\handmade\other\medal3.png,636,n03709823,mailbag,mailbag.n.02,3
inanimate\handmade\other\mineral1.png,470,n02948072,candle,candle.n.01,2
inanimate\handmade\other\mineral2.png,599,n03530642,honeycomb,honeycomb.n.02,2
inanimate\handmade\other\mineral3.png,885,n04525038,velvet,velvet.n.01,1
inanimate\handmade\other\paint1.png,684,n03840681,ocarina,ocarina.n.01,1
inanimate\handmade\other\ping_pong1.png,722,n03942813,ping-pong_ball,ping-pong_ball.n.01,1
inanimate\handmade\other\seashell1.png,112,n01943899,conch,conch.n.01,1
inanimate\handmade\other\seashell2.png,619,n03637318,lampshade,lampshade.n.01,2
inanimate\handmade\tool\axe1.png,596,n03498962,hatchet,hatchet.n.02,1
inanimate\handmade\tool\basket1.png,790,n04204238,shopping_basket,shopping_basket.n.01,1
inanimate\handmade\tool\binoculars1.png,447,n02841315,binoculars,binoculars.n.01,1
inanimate\handmade\tool\binoculars2.png,447,n02841315,binoculars,binoculars.n.01,1
inanimate\handmade\tool\broom1.png,462,n02906734,broom,broom.n.01,1
inanimate\handmade\tool\broom2.png,462,n02906734,broom,broom.n.01,1
inanimate\handmade\tool\broom3.png,462,n02906734,broom,broom.n.01,1
inanimate\handmade\tool\broom4.png,462,n02906734,broom,broom.n.01,1
inanimate\handmade\tool\broom5.png,462,n02906734,broom,broom.n.01,1
inanimate\handmade\tool\bucket1.png,463,n02909870,bucket,bucket.n.01,1
inanimate\handmade\tool\clamp1.png,587,n03481172,hammer,hammer.n.02,2
inanimate\handmade\tool\clamp2.png,473,n02951585,can_opener,can_opener.n.01,2
inanimate\handmade\tool\clothespin1.png,623,n03658185,letter_opener,letter_opener.n.01,2
inanimate\handmade\tool\drill1.png,740,n03995372,power_drill,power_drill.n.01,1
inanimate\handmade\tool\fire_bellow1.png,696,n03876231,paintbrush,paintbrush.n.01,3
inanimate\handmade\tool\flashlight1.png,740,n03995372,power_drill,power_drill.n.01,3
inanimate\handmade\tool\funnel1.png,463,n02909870,bucket,bucket.n.01,2
inanimate\handmade\tool\funnel2.png,653,n03764736,milk_can,milk_can.n.01,2
inanimate\handmade\tool\funnel3.png,725,n03950228,pitcher,pitcher.n.02,1
inanimate\handmade\tool\funnel4.png,849,n04398044,teapot,teapot.n.01,1
inanimate\handmade\tool\garden_fork1.png,792,n04208210,shovel,shovel.n.01,1
inanimate\handmade\tool\garden_fork2.png,731,n03970156,plunger,plunger.n.03,1
inanimate\handmade\tool\hammer1.png,587,n03481172,hammer,hammer.n.02,1
inanimate\handmade\tool\hammer2.png,587,n03481172,hammer,hammer.n.02,2
inanimate\handmade\tool\hammer3.png,587,n03481172,hammer,hammer.n.02,1
inanimate\handmade\tool\hammer4.png,587,n03481172,hammer,hammer.n.02,1
inanimate\handmade\tool\hammer5.png,587,n03481172,hammer,hammer.n.02,1
inanimate\handmade\tool\hammer6.png,587,n03481172,hammer,hammer.n.02,1
inanimate\handmade\tool\hose1.png,740,n03995372,power_drill,power_drill.n.01,1
inanimate\handmade\tool\ink_pad1.png,726,n03954731,plane,plane.n.05,1
inanimate\handmade\tool\ink_pad2.png,491,n03000684,chain_saw,chain_saw.n.01,1
inanimate\handmade\tool\key1.png,600,n03532672,hook,hook.n.04,1
inanimate\handmade\tool\key2.png,600,n03532672,hook,hook.n.04,2
inanimate\handmade\tool\knife1.png,499,n03041632,cleaver,cleaver.n.01,3
inanimate\handmade\tool\lightbulb1.png,818,n04286575,spotlight,spotlight.n.02,1
inanimate\handmade\tool\lightbulb2.png,784,n04154565,screwdriver,screwdriver.n.01,3
inanimate\handmade\tool\lightbulb3.png,818,n04286575,spotlight,spotlight.n.02,1
inanimate\handmade\tool\lock1.png,695,n03874599,padlock,padlock.n.01,1
inanimate\handmade\tool\lock2.png,695,n03874599,padlock,padlock.n.01,1
inanimate\handmade\tool\pliers1.png,587,n03481172,hammer,hammer.n.02,3
inanimate\handmade\tool\rake1.png,792,n04208210,shovel,shovel.n.01,1
inanimate\handmade\tool\rake2.png,784,n04154565,screwdriver,screwdriver.n.01,1
inanimate\handmade\tool\scissors1.png,473,n02951585,can_opener,can_opener.n.01,1
inanimate\handmade\tool\scissors2.png,473,n02951585,can_opener,can_opener.n.01,1
inanimate\handmade\tool\scissors3.png,473,n02951585,can_opener,can_opener.n.01,1
inanimate\handmade\tool\scissors4.png,473,n02951585,can_opener,can_opener.n.01,2
inanimate\handmade\tool\screw1.png,783,n04153751,screw,screw.n.04,1
inanimate\handmade\tool\screw2.png,783,n04153751,screw,screw.n.04,1
inanimate\handmade\tool\screw3.png,507,n03075370,combination_lock,combination_lock.n.01,1
inanimate\handmade\tool\screw4.png,783,n04153751,screw,screw.n.04,3
inanimate\handmade\tool\shovel1.png,792,n04208210,shovel,shovel.n.01,1
inanimate\handmade\tool\speed_square1.png,783,n04153751,screw,screw.n.04,3
inanimate\handmade\tool\sprayer1.png,804,n04254120,soap_dispenser,soap_dispenser.n.01,2
inanimate\handmade\tool\squeegee1.png,840,n04367480,swab,swab.n.02,1
inanimate\handmade\tool\staple_remover1.png,840,n04367480,swab,swab.n.02,1
inanimate\handmade\tool\tape1.png,710,n03908714,pencil_sharpener,pencil_sharpener.n.01,1
inanimate\handmade\tool\wheel1.png,866,n04465501,tractor,tractor.n.01,1
inanimate\handmade\tool\wheel2.png,479,n02974003,car_wheel,car_wheel.n.01,3
inanimate\handmade\tool\wheel3.png,545,n03271574,electric_fan,electric_fan.n.01,2
inanimate\handmade\tool\wheel4.png,577,n03447721,gong,gong.n.01,1
inanimate\handmade\tool\wrench1.png,473,n02951585,can_opener,can_opener.n.01,1
inanimate\handmade\tool\wrench2.png,473,n02951585,can_opener,can_opener.n.01,1
inanimate\handmade\tool\wrench3.png,473,n02951585,can_opener,can_opener.n.01,1
inanimate\handmade\tool\wrench4.png,473,n02951585,can_opener,can_opener.n.01,1
inanimate\handmade\vehicle\boat1.png,814,n04273569,speedboat,speedboat.n.01,1
inanimate\handmade\vehicle\boat2.png,814,n04273569,speedboat,speedboat.n.01,1
inanimate\handmade\vehicle\boat3.png,814,n04273569,speedboat,speedboat.n.01,1
inanimate\handmade\vehicle\boat4.png,814,n04273569,speedboat,speedboat.n.01,1
inanimate\handmade\vehicle\boat5.png,554,n03344393,fireboat,fireboat.n.01,3
inanimate\handmade\vehicle\car\ambulance1.png,407,n02701002,ambulance,ambulance.n.01,1
inanimate\handmade\vehicle\car\blue1.png,436,n02814533,beach_wagon,beach_wagon.n.01,1
inanimate\handmade\vehicle\car\blue2.png,817,n04285008,sports_car,sports_car.n.01,1
inanimate\handmade\vehicle\car\blue3.png,627,n03670208,limousine,limousine.n.01,1
inanimate\handmade\vehicle\car\blue4.png,511,n03100240,convertible,convertible.n.01,2
inanimate\handmade\vehicle\car\blue5.png,511,n03100240,convertible,convertible.n.01,1
inanimate\handmade\vehicle\car\dark1.png,609,n03594945,jeep,jeep.n.01,2
inanimate\handmade\vehicle\car\dark2.png,511,n03100240,convertible,convertible.n.01,2
inanimate\handmade\vehicle\car\dark3.png,511,n03100240,convertible,convertible.n.01,1
inanimate\handmade\vehicle\car\green1.png,511,n03100240,convertible,convertible.n.01,1
inanimate\handmade\vehicle\car\light1.png,511,n03100240,convertible,convertible.n.01,1
inanimate\handmade\vehicle\car\light2.png,609,n03594945,jeep,jeep.n.01,1
inanimate\handmade\vehicle\car\light3.png,511,n03100240,convertible,convertible.n.01,1
inanimate\handmade\vehicle\car\pink1.png,656,n03770679,minivan,minivan.n.01,1
inanimate\handmade\vehicle\car\police1.png,408,n02704792,amphibian,amphibian.n.01,2
inanimate\handmade\vehicle\car\police2.png,436,n02814533,beach_wagon,beach_wagon.n.01,1
inanimate\handmade\vehicle\car\red1.png,803,n04252225,snowplow,snowplow.n.01,1
inanimate\handmade\vehicle\car\red2.png,803,n04252225,snowplow,snowplow.n.01,3
inanimate\handmade\vehicle\car\red3.png,803,n04252225,snowplow,snowplow.n.01,3
inanimate\handmade\vehicle\car\red4.png,661,n03777568,Model_T,model_t.n.01,2
inanimate\handmade\vehicle\fighter_jet1.png,895,n04552348,warplane,warplane.n.01,3
inanimate\handmade\vehicle\plane1.png,895,n04552348,warplane,warplane.n.01,3
inanimate\handmade\vehicle\plane2.png,404,n02690373,airliner,airliner.n.01,1
inanimate\handmade\vehicle\sailing_ship1.png,780,n04147183,schooner,schooner.n.02,1
inanimate\handmade\vehicle\sailing_ship2.png,780,n04147183,schooner,schooner.n.02,2
inanimate\natural\flower\blue\blue_pimpernel1.png,911,n04599235,wool,wool.n.01,3
inanimate\natural\flower\blue\chicory1.png,985,n11939491,daisy,daisy.n.01,1
inanimate\natural\flower\blue\flower1.png,679,n03814906,necklace,necklace.n.01,3
inanimate\natural\flower\pink-purple\bee_orchid1.png,32,n01644900,tailed_frog,tailed_frog.n.01,1
inanimate\natural\flower\pink-purple\bellflower1.png,985,n11939491,daisy,daisy.n.01,1
inanimate\natural\flower\pink-purple\camellia1.png,711,n03916031,perfume,perfume.n.02,3
inanimate\natural\flower\pink-purple\clematis1.png,911,n04599235,wool,wool.n.01,2
inanimate\natural\flower\pink-purple\clematis2.png,738,n03991062,pot,pot.n.04,2
inanimate\natural\flower\pink-purple\hibiscus1.png,793,n04209133,shower_cap,shower_cap.n.01,1
inanimate\natural\flower\pink-purple\iris1.png,885,n04525038,velvet,velvet.n.01,1
inanimate\natural\flower\pink-purple\lotus1.png,985,n11939491,daisy,daisy.n.01,2
inanimate\natural\flower\pink-purple\milk_thistle1.png,953,n07753275,pineapple,pineapple.n.02,3
inanimate\natural\flower\pink-purple\moth_orchid1.png,551,n03314780,face_powder,face_powder.n.01,3
inanimate\natural\flower\pink-purple\orchid1.png,738,n03991062,pot,pot.n.04,2
inanimate\natural\flower\pink-purple\pea1.png,936,n07714571,head_cabbage,head_cabbage.n.02,1
inanimate\natural\flower\pink-purple\petunia1.png,738,n03991062,pot,pot.n.04,1
inanimate\natural\flower\pink-purple\petunia2.png,911,n04599235,wool,wool.n.01,2
inanimate\natural\flower\pink-purple\snapdragon1.png,850,n04399382,teddy,teddy.n.01,1
inanimate\natural\flower\pink-purple\tulip1.png,738,n03991062,pot,pot.n.04,3
inanimate\natural\flower\pink-purple\tulip2.png,989,n12620546,hip,hip.n.05,2
inanimate\natural\flower\pink-purple\violet1.png,738,n03991062,pot,pot.n.04,1
inanimate\natural\flower\red\amaryllis1.png,738,n03991062,pot,pot.n.04,3
inanimate\natural\flower\red\geranium1.png,738,n03991062,pot,pot.n.04,1
inanimate\natural\flower\red\hibiscus1.png,551,n03314780,face_powder,face_powder.n.01,2
inanimate\natural\flower\red\hibiscus2.png,551,n03314780,face_powder,face_powder.n.01,1
inanimate\natural\flower\red\marigold1.png,885,n04525038,velvet,velvet.n.01,1
inanimate\natural\flower\red\marigold2.png,996,n13052670,hen-of-the-woods,hen-of-the-woods.n.01,1
inanimate\natural\flower\red\neoregelia1.png,738,n03991062,pot,pot.n.04,2
inanimate\natural\flower\red\poppy1.png,885,n04525038,velvet,velvet.n.01,2
inanimate\natural\flower\red\poppy2.png,885,n04525038,velvet,velvet.n.01,2
inanimate\natural\flower\red\rose1.png,966,n07892512,red_wine,red_wine.n.01,3
inanimate\natural\flower\red\rose2.png,738,n03991062,pot,pot.n.04,1
inanimate\natural\flower\red\rose3.png,911,n04599235,wool,wool.n.01,2
inanimate\natural\flower\red\tulip1.png,600,n03532672,hook,hook.n.04,1
inanimate\natural\flower\red\tulip2.png,738,n03991062,pot,pot.n.04,3
inanimate\natural\flower\white\calla_lily1.png,666,n03786901,mortar,mortar.n.03,3
inanimate\natural\flower\white\carnation1.png,883,n04522168,vase,vase.n.01,2
inanimate\natural\flower\white\cyclamen1.png,985,n11939491,daisy,daisy.n.01,1
inanimate\natural\flower\white\daisy1.png,985,n11939491,daisy,daisy.n.01,1
inanimate\natural\flower\white\daisy2.png,985,n11939491,daisy,daisy.n.01,1
inanimate\natural\flower\white\lily1.png,631,n03690938,lotion,lotion.n.01,3
inanimate\natural\flower\white\lily2.png,749,n04033901,quill,quill.n.01,3
inanimate\natural\flower\white\lotus1.png,738,n03991062,pot,pot.n.04,3
inanimate\natural\flower\white\lotus2.png,738,n03991062,pot,pot.n.04,2
inanimate\natural\flower\white\morning_glory1.png,793,n04209133,shower_cap,shower_cap.n.01,2
inanimate\natural\flower\white\moth_orcid1.png,117,n01968897,chambered_nautilus,chambered_nautilus.n.01,3
inanimate\natural\flower\white\plum1.png,793,n04209133,shower_cap,shower_cap.n.01,1
inanimate\natural\flower\white\rhodiola_rosea1.png,738,n03991062,pot,pot.n.04,2
inanimate\natural\flower\white\star_of_bethlehem1.png,985,n11939491,daisy,daisy.n.01,2
inanimate\natural\flower\white\tulip1.png,883,n04522168,vase,vase.n.01,3
inanimate\natural\flower\white\white_clover1.png,996,n13052670,hen-of-the-woods,hen-of-the-woods.n.01,2
inanimate\natural\flower\yellow\daffodil1.png,985,n11939491,daisy,daisy.n.01,3
inanimate\natural\flower\yellow\daisy1.png,985,n11939491,daisy,daisy.n.01,1
inanimate\natural\flower\yellow\daisy2.png,985,n11939491,daisy,daisy.n.01,3
inanimate\natural\flower\yellow\daisy3.png,985,n11939491,daisy,daisy.n.01,1
inanimate\natural\flower\yellow\evening_primrose1.png,310,n02219486,ant,ant.n.01,1
inanimate\natural\flower\yellow\lily1.png,985,n11939491,daisy,daisy.n.01,3
inanimate\natural\flower\yellow\lily2.png,985,n11939491,daisy,daisy.n.01,2
inanimate\natural\flower\yellow\nasturtium1.png,551,n03314780,face_powder,face_powder.n.01,1
inanimate\natural\flower\yellow\popsy1.png,551,n03314780,face_powder,face_powder.n.01,2
inanimate\natural\flower\yellow\sunflower1.png,985,n11939491,daisy,daisy.n.01,1
inanimate\natural\flower\yellow\sunflower2.png,985,n11939491,daisy,daisy.n.01,3
inanimate\natural\flower\yellow\sunflower3.png,985,n11939491,daisy,daisy.n.01,1
inanimate\natural\flower\yellow\sunflower4.png,985,n11939491,daisy,daisy.n.01,2
inanimate\natural\flower\yellow\sunflower5.png,985,n11939491,daisy,daisy.n.01,1
inanimate\natural\flower\yellow\sunflower6.png,738,n03991062,pot,pot.n.04,1
inanimate\natural\flower\yellow\sunflower7.png,985,n11939491,daisy,daisy.n.01,1
inanimate\natural\flower\yellow\sunflower8.png,406,n02699494,altar,altar.n.02,3
inanimate\natural\flower\yellow\sunflower9.png,985,n11939491,daisy,daisy.n.01,1
inanimate\natural\flower\yellow\water_lily1.png,986,n12057211,yellow_lady's_slipper,yellow_lady's_slipper.n.01,1
inanimate\natural\flower\yellow\woodsorrel1.png,951,n07749582,lemon,lemon.n.01,2
inanimate\natural\food\ananas1.png,953,n07753275,pineapple,pineapple.n.02,1
inanimate\natural\food\ananas2.png,953,n07753275,pineapple,pineapple.n.02,1
inanimate\natural\food\ananas3.png,953,n07753275,pineapple,pineapple.n.02,1
inanimate\natural\food\apple1.png,948,n07742313,Granny_Smith,granny_smith.n.01,1
inanimate\natural\food\apple2.png,948,n07742313,Granny_Smith,granny_smith.n.01,2
inanimate\natural\food\apple3.png,954,n07753592,banana,banana.n.02,1
inanimate\natural\food\apple4.png,948,n07742313,Granny_Smith,granny_smith.n.01,1
inanimate\natural\food\apple5.png,948,n07742313,Granny_Smith,granny_smith.n.01,1
inanimate\natural\food\apple6.png,948,n07742313,Granny_Smith,granny_smith.n.01,1
inanimate\natural\food\apple7.png,948,n07742313,Granny_Smith,granny_smith.n.01,1
inanimate\natural\food\banana1.png,954,n07753592,banana,banana.n.02,1
inanimate\natural\food\banana2.png,954,n07753592,banana,banana.n.02,1
inanimate\natural\food\banana3.png,954,n07753592,banana,banana.n.02,1
inanimate\natural\food\banana4.png,954,n07753592,banana,banana.n.02,1
inanimate\natural\food\banana5.png,954,n07753592,banana,banana.n.02,1
inanimate\natural\food\beet1.png,957,n07768694,pomegranate,pomegranate.n.02,2
inanimate\natural\food\carrot1.png,940,n07716906,spaghetti_squash,spaghetti_squash.n.02,2
inanimate\natural\food\cherry1.png,957,n07768694,pomegranate,pomegranate.n.02,1
inanimate\natural\food\corn1.png,987,n12144580,corn,corn.n.02,2
inanimate\natural\food\corn2.png,987,n12144580,corn,corn.n.02,2
inanimate\natural\food\eggplant1.png,952,n07753113,fig,fig.n.04,3
inanimate\natural\food\garlic1.png,952,n07753113,fig,fig.n.04,3
inanimate\natural\food\grape1.png,998,n13133613,ear,ear.n.05,2
inanimate\natural\food\grape2.png,990,n12768682,buckeye,buckeye.n.01,2
inanimate\natural\food\grape3.png,989,n12620546,hip,hip.n.05,2
inanimate\natural\food\grape4.png,952,n07753113,fig,fig.n.04,1
inanimate\natural\food\grape5.png,584,n03476684,hair_slide,hair_slide.n.01,1
inanimate\natural\food\jackberry1.png,957,n07768694,pomegranate,pomegranate.n.02,2
inanimate\natural\food\kiwi1.png,951,n07749582,lemon,lemon.n.01,2
inanimate\natural\food\leek1.png,937,n07714990,broccoli,broccoli.n.02,2
inanimate\natural\food\lemon1.png,951,n07749582,lemon,lemon.n.01,1
inanimate\natural\food\lemon2.png,951,n07749582,lemon,lemon.n.01,1
inanimate\natural\food\lettuce1.png,943,n07718472,cucumber,cucumber.n.02,3
inanimate\natural\food\melon1.png,940,n07716906,spaghetti_squash,spaghetti_squash.n.02,1
inanimate\natural\food\mushroom1.png,947,n07734744,mushroom,mushroom.n.05,3
inanimate\natural\food\onion1.png,957,n07768694,pomegranate,pomegranate.n.02,1
inanimate\natural\food\onion2.png,942,n07717556,butternut_squash,butternut_squash.n.02,1
inanimate\natural\food\onion3.png,940,n07716906,spaghetti_squash,spaghetti_squash.n.02,1
inanimate\natural\food\pea_stock1.png,943,n07718472,cucumber,cucumber.n.02,1
inanimate\natural\food\pear1.png,955,n07754684,jackfruit,jackfruit.n.02,3
inanimate\natural\food\pepper_green1.png,945,n07720875,bell_pepper,bell_pepper.n.02,1
inanimate\natural\food\pepper_hot1.png,902,n04579432,whistle,whistle.n.04,2
inanimate\natural\food\pepper_red1.png,943,n07718472,cucumber,cucumber.n.02,2
inanimate\natural\food\pineapple1.png,953,n07753275,pineapple,pineapple.n.02,1
inanimate\natural\food\pineapple2.png,953,n07753275,pineapple,pineapple.n.02,1
inanimate\natural\food\pomegranate1.png,957,n07768694,pomegranate,pomegranate.n.02,1
inanimate\natural\food\pomegranate2.png,957,n07768694,pomegranate,pomegranate.n.02,1
inanimate\natural\food\potato1.png,930,n07684084,French_loaf,french_loaf.n.01,3
inanimate\natural\food\radish1.png,949,n07745940,strawberry,strawberry.n.01,3
inanimate\natural\food\squash1.png,940,n07716906,spaghetti_squash,spaghetti_squash.n.02,1
inanimate\natural\food\strawberry1.png,949,n07745940,strawberry,strawberry.n.01,1
inanimate\natural\food\strawberry2.png,949,n07745940,strawberry,strawberry.n.01,1
inanimate\natural\food\strawberry3.png,949,n07745940,strawberry,strawberry.n.01,1
inanimate\natural\food\strawberry4.png,949,n07745940,strawberry,strawberry.n.01,1
inanimate\natural\food\tomato1.png,957,n07768694,pomegranate,pomegranate.n.02,3
inanimate\natural\food\tomato2.png,957,n07768694,pomegranate,pomegranate.n.02,2
inanimate\natural\food\tomato3.png,950,n07747607,orange,orange.n.01,1
inanimate\natural\food\watermelon1.png,952,n07753113,fig,fig.n.04,1
inanimate\natural\food\watermelon2.png,940,n07716906,spaghetti_squash,spaghetti_squash.n.02,1
inanimate\natural\food\zucchini1.png,939,n07716358,zucchini,zucchini.n.02,1
inanimate\natural\other\bush1.png,738,n03991062,pot,pot.n.04,1
inanimate\natural\other\bush2.png,738,n03991062,pot,pot.n.04,2
inanimate\natural\other\bush3.png,738,n03991062,pot,pot.n.04,1
inanimate\natural\other\bush4.png,738,n03991062,pot,pot.n.04,1
inanimate\natural\other\leaf1.png,738,n03991062,pot,pot.n.04,2
inanimate\natural\other\leaf2.png,988,n12267677,acorn,acorn.n.01,1
inanimate\natural\other\leaf3.png,738,n03991062,pot,pot.n.04,2
inanimate\natural\other\leaf4.png,951,n07749582,lemon,lemon.n.01,3
inanimate\natural\other\pinecone1.png,996,n13052670,hen-of-the-woods,hen-of-the-woods.n.01,1
inanimate\natural\other\red_leaf1.png,892,n04548280,wall_clock,wall_clock.n.01,1
inanimate\natural\other\red_leaf2.png,990,n12768682,buckeye,buckeye.n.01,1
inanimate\natural\other\red_leaf3.png,551,n03314780,face_powder,face_powder.n.01,1
inanimate\natural\other\sabra1.png,738,n03991062,pot,pot.n.04,1
inanimate\natural\other\sabra2.png,328,n02319095,sea_urchin,sea_urchin.n.01,1
inanimate\natural\other\sabra3.png,738,n03991062,pot,pot.n.04,1
inanimate\natural\other\sabra4.png,738,n03991062,pot,pot.n.04,1
inanimate\natural\other\sabra5.png,738,n03991062,pot,pot.n.04,1
inanimate\natural\other\sabra6.png,943,n07718472,cucumber,cucumber.n.02,2
inanimate\natural\other\tree1.png,738,n03991062,pot,pot.n.04,1
inanimate\natural\other\tree10.png,738,n03991062,pot,pot.n.04,1
inanimate\natural\other\tree11.png,975,n09332890,lakeside,lakeside.n.01,2
inanimate\natural\other\tree2.png,738,n03991062,pot,pot.n.04,2
inanimate\natural\other\tree3.png,738,n03991062,pot,pot.n.04,2
inanimate\natural\other\tree4.png,975,n09332890,lakeside,lakeside.n.01,1
inanimate\natural\other\tree5.png,677,n03804744,nail,nail.n.02,2
inanimate\natural\other\tree6.png,840,n04367480,swab,swab.n.02,1
inanimate\natural\other\tree7.png,738,n03991062,pot,pot.n.04,1
inanimate\natural\other\tree8.png,738,n03991062,pot,pot.n.04,1
inanimate\natural\other\tree9.png,738,n03991062,pot,pot.n.04,1
