curated_path,curated_filename,category,source_dataset,source_filename_or_url,manual_match_validation,wn_synset_name
animate\animal\body\bird\chick1.png,chick1.png,AB,"Kiani et al., 2007",66990000.bmp,V,chick.n.01
animate\animal\body\bird\chick2.png,chick2.png,AB,"Kiani et al., 2007",67000000.bmp,V,chick.n.01
animate\animal\body\bird\chicken1.png,chicken1.png,AB,"Kiani et al., 2007",67800000.bmp,V,chicken.n.01
animate\animal\body\bird\duck1.png,duck1.png,AB,"Kiani et al., 2007",67030000.bmp,V,duck.n.01
animate\animal\body\bird\duck2.png,duck2.png,AB,"Kiani et al., 2007",67060000.bmp,V,duck.n.01
animate\animal\body\bird\duck3.png,duck3.png,AB,"Kiani et al., 2007",67090000.bmp,V,duck.n.01
animate\animal\body\bird\duck4.png,duck4.png,AB,"Kiani et al., 2007",67670000.bmp,V,duck.n.01
animate\animal\body\bird\eagle1.png,eagle1.png,AB,"Kiani et al., 2007",67530000.bmp,V,eagle.n.01
animate\animal\body\bird\finch1.png,finch1.png,AB,"Kiani et al., 2007",67640000.bmp,V,finch.n.01
animate\animal\body\bird\goose1.png,goose1.png,AB,"Kiani et al., 2007",67070000.bmp,V,goose.n.01
animate\animal\body\bird\hawk1.png,hawk1.png,AB,"Kiani et al., 2007",67050000.bmp,V,hawk.n.01
animate\animal\body\bird\parrot1.png,parrot1.png,AB,"Kiani et al., 2007",67760000.bmp,V,parrot.n.01
animate\animal\body\bird\parrot2.png,parrot2.png,AB,"Kiani et al., 2007",67010000.bmp,V,parrot.n.01
animate\animal\body\bird\parrot3.png,parrot3.png,AB,"Kiani et al., 2007",67770000.bmp,V,parrot.n.01
animate\animal\body\bird\parrot4.png,parrot4.png,AB,"Kiani et al., 2007",67780000.bmp,V,parrot.n.01
animate\animal\body\bird\parrot5.png,parrot5.png,AB,"Kiani et al., 2007",67790000.bmp,V,parrot.n.01
animate\animal\body\bird\seagull1.png,seagull1.png,AB,"Kiani et al., 2007",67080000.bmp,V,gull.n.02
animate\animal\body\butterfly\butterfly1.png,butterfly1.png,AB,online source,https://commons.wikimedia.org/wiki/File:Cymothoe_sangaris_%28blood_red_glider_butterfly%29_%2817232935946%29.jpg,V,butterfly.n.01
animate\animal\body\butterfly\butterfly10.png,butterfly10.png,AB,online source,https://commons.wikimedia.org/wiki/File:Morpho_menenlaus_%28Menelaus_blue_morpho_butterfly%29_%2823472421299%29.jpg,V,butterfly.n.01
animate\animal\body\butterfly\butterfly11.png,butterfly11.png,AB,online source,https://commons.wikimedia.org/wiki/File:Argema_mittrei_female_mounted.jpg,V,butterfly.n.01
animate\animal\body\butterfly\butterfly13.png,butterfly13.png,AB,online source,https://in.pinterest.com/pin/butterfly-art-print-185-beautiful-antique-large-vintage-wall-art-red-garden-nature-colored-colorful-picture-illustration-painted-home-decor-etsy--167829523606207862/,V,butterfly.n.01
animate\animal\body\butterfly\butterfly15.png,butterfly15.png,AB,online source,https://commons.wikimedia.org/wiki/File:Atrophaneura_priapus.JPG,V,butterfly.n.01
animate\animal\body\butterfly\butterfly17.png,butterfly17.png,AB,ANU Butterflies,https://australian.museum/learn/animals/insects/what-are-the-differences-between-butterflies-and-moths/,V,butterfly.n.01
animate\animal\body\butterfly\butterfly18.png,butterfly18.png,AB,ANU Butterflies,http://artserve.anu.edu.au/new/australia/canberra/CSIRO/butterflies-moths/PICT0846.JPG,V,butterfly.n.01
animate\animal\body\butterfly\butterfly19.png,butterfly19.png,AB,online source,https://commons.wikimedia.org/wiki/File:Phoebis_philea_philea_MHNT_ventre.jpg,V,butterfly.n.01
animate\animal\body\butterfly\butterfly20.png,butterfly20.png,AB,ANU Butterflies,http://artserve.anu.edu.au/new/australia/canberra/CSIRO/butterflies-moths/PICT0848.JPG,V,butterfly.n.01
animate\animal\body\butterfly\butterfly21.png,butterfly21.png,AB,online source,https://www.shutterstock.com/image-photo/butterfly-varied-swordgrass-brown-tisiphone-abeona-49327420,V,butterfly.n.01
animate\animal\body\butterfly\butterfly22.png,butterfly22.png,AB,ANU Butterflies,http://artserve.anu.edu.au/new/australia/canberra/CSIRO/butterflies-moths/PICT0850.JPG,V,butterfly.n.01
animate\animal\body\butterfly\butterfly23.png,butterfly23.png,AB,ANU Butterflies,http://artserve.anu.edu.au/new/australia/canberra/CSIRO/butterflies-moths/PICT0854.JPG,V,butterfly.n.01
animate\animal\body\butterfly\butterfly24.png,butterfly24.png,AB,ANU Butterflies,http://artserve.anu.edu.au/new/australia/canberra/CSIRO/butterflies-moths/PICT0855.JPG,V,butterfly.n.01
animate\animal\body\butterfly\butterfly25.png,butterfly25.png,AB,ANU Butterflies,http://artserve.anu.edu.au/new/australia/canberra/CSIRO/butterflies-moths/PICT0856.JPG,V,butterfly.n.01
animate\animal\body\butterfly\butterfly26.png,butterfly26.png,AB,ANU Butterflies,http://artserve.anu.edu.au/new/australia/canberra/CSIRO/butterflies-moths/PICT0864.JPG,V,butterfly.n.01
animate\animal\body\butterfly\butterfly27.png,butterfly27.png,AB,ANU Butterflies,http://artserve.anu.edu.au/new/australia/canberra/CSIRO/butterflies-moths/PICT0877.JPG,V,butterfly.n.01
animate\animal\body\butterfly\butterfly28.png,butterfly28.png,AB,ANU Butterflies,http://artserve.anu.edu.au/new/australia/canberra/CSIRO/butterflies-moths/PICT0902.JPG,V,butterfly.n.01
animate\animal\body\butterfly\butterfly29.png,butterfly29.png,AB,ANU Butterflies,http://artserve.anu.edu.au/new/australia/canberra/CSIRO/butterflies-moths/PICT0901.JPG,V,butterfly.n.01
animate\animal\body\butterfly\butterfly3.png,butterfly3.png,AB,ANU Butterflies,http://artserve.anu.edu.au/new/australia/canberra/CSIRO/butterflies-moths/PICT0851.JPG,V,butterfly.n.01
animate\animal\body\butterfly\butterfly30.png,butterfly30.png,AB,online source,https://en.wikipedia.org/wiki/Agarista_%28moth%29,V,butterfly.n.01
animate\animal\body\butterfly\butterfly31.png,butterfly31.png,AB,ANU Butterflies,http://artserve.anu.edu.au/new/australia/canberra/CSIRO/butterflies-moths/PICT1203.JPG,V,butterfly.n.01
animate\animal\body\butterfly\butterfly32.png,butterfly32.png,AB,ANU Butterflies,http://artserve.anu.edu.au/new/australia/canberra/CSIRO/butterflies-moths/PICT1204.JPG,V,butterfly.n.01
animate\animal\body\butterfly\butterfly33.png,butterfly33.png,AB,ANU Butterflies,http://artserve.anu.edu.au/new/australia/canberra/CSIRO/butterflies-moths/PICT1194.JPG,V,butterfly.n.01
animate\animal\body\butterfly\butterfly34.png,butterfly34.png,AB,ANU Butterflies,http://artserve.anu.edu.au/new/australia/canberra/CSIRO/butterflies-moths/PICT1170.JPG,V,butterfly.n.01
animate\animal\body\butterfly\butterfly35.png,butterfly35.png,AB,ANU Butterflies,http://artserve.anu.edu.au/new/australia/canberra/CSIRO/butterflies-moths/PICT1214.JPG,V,butterfly.n.01
animate\animal\body\butterfly\butterfly36.png,butterfly36.png,AB,ANU Butterflies,http://artserve.anu.edu.au/new/australia/canberra/CSIRO/butterflies-moths/PICT1167.JPG,V,butterfly.n.01
animate\animal\body\butterfly\butterfly38.png,butterfly38.png,AB,ANU Butterflies,http://artserve.anu.edu.au/new/australia/canberra/CSIRO/butterflies-moths/PICT1036.JPG,V,butterfly.n.01
animate\animal\body\butterfly\butterfly4.png,butterfly4.png,AB,ANU Butterflies,http://artserve.anu.edu.au/new/australia/canberra/CSIRO/butterflies-moths/PICT1205.JPG,V,butterfly.n.01
animate\animal\body\butterfly\butterfly5.png,butterfly5.png,AB,ANU Butterflies,http://artserve.anu.edu.au/new/australia/canberra/CSIRO/butterflies-moths/PICT1206.JPG,V,butterfly.n.01
animate\animal\body\butterfly\butterfly8.png,butterfly8.png,AB,online source,http://www.alsphotopage.com/image/17471,V,butterfly.n.01
animate\animal\body\butterfly\butterfly9.png,butterfly9.png,AB,online source,https://en.wikipedia.org/wiki/Charaxes_lycurgus,V,butterfly.n.01
animate\animal\body\fish\fish1.png,fish1.png,AB,online source,https://afritibi.com/en/produit/tilapia/,V,fish.n.01
animate\animal\body\fish\fish11.png,fish11.png,AB,online source,https://tk.wikipedia.org/wiki/Balyk#/media/Fa%C3%BDl:Discus_fish.jpg,V,fish.n.01
animate\animal\body\fish\fish7.png,fish7.png,AB,online source,https://www.labuznik.cz/ingredience/treska/strankovani/3/,V,fish.n.01
animate\animal\body\mammal\canine\bernese1.png,bernese1.png,AB,"Kiani et al., 2007",66980000.bmp,V,bernese_mountain_dog.n.01
animate\animal\body\mammal\canine\bloodhound1.png,bloodhound1.png,AB,"Kiani et al., 2007",67510000.bmp,V,bloodhound.n.01
animate\animal\body\mammal\canine\fox1.png,fox1.png,AB,"Kiani et al., 2007",66850000.bmp,V,fox.n.01
animate\animal\body\mammal\canine\german_shepherd1.png,german_shepherd1.png,AB,"Kiani et al., 2007",66950000.bmp,V,german_shepherd.n.01
animate\animal\body\mammal\canine\german_shepherd2.png,german_shepherd2.png,AB,"Kiani et al., 2007",67620000.bmp,V,german_shepherd.n.01
animate\animal\body\mammal\canine\great_dane1.png,great_dane1.png,AB,"Kiani et al., 2007",66960000.bmp,V,great_dane.n.01
animate\animal\body\mammal\canine\great_dane2.png,great_dane2.png,AB,"Kiani et al., 2007",67710000.bmp,V,great_dane.n.01
animate\animal\body\mammal\canine\puppy1.png,puppy1.png,AB,"Kiani et al., 2007",66970000.bmp,V,puppy.n.01
animate\animal\body\mammal\feline\cat1.png,cat1.png,AB,"Kiani et al., 2007",67700000.bmp,V,cat.n.01
animate\animal\body\mammal\feline\cat2.png,cat2.png,AB,"Kiani et al., 2007",67690000.bmp,V,cat.n.01
animate\animal\body\mammal\feline\lion1.png,lion1.png,AB,"Kiani et al., 2007",66940000.bmp,V,lion.n.01
animate\animal\body\mammal\feline\snow_leopard1.png,snow_leopard1.png,AB,"Kiani et al., 2007",66930000.bmp,V,snow_leopard.n.01
animate\animal\body\mammal\hooved\camel1.png,camel1.png,AB,"Kiani et al., 2007",66760000.bmp,V,camel.n.01
animate\animal\body\mammal\hooved\cow1.png,cow1.png,AB,"Kiani et al., 2007",67460000.bmp,V,cow.n.01
animate\animal\body\mammal\hooved\donkey1.png,donkey1.png,AB,"Kiani et al., 2007",67520000.bmp,V,donkey.n.01
animate\animal\body\mammal\hooved\elk1.png,elk1.png,AB,"Kiani et al., 2007",66820000.bmp,V,elk.n.01
animate\animal\body\mammal\hooved\goat1.png,goat1.png,AB,"Kiani et al., 2007",66730000.bmp,V,goat.n.01
animate\animal\body\mammal\hooved\goat2.png,goat2.png,AB,"Kiani et al., 2007",67630000.bmp,V,goat.n.01
animate\animal\body\mammal\hooved\goat3.png,goat3.png,AB,"Kiani et al., 2007",67750000.bmp,V,goat.n.01
animate\animal\body\mammal\hooved\sheep1.png,sheep1.png,AB,"Kiani et al., 2007",67810000.bmp,V,sheep.n.01
animate\animal\body\mammal\hooved\sheep2.png,sheep2.png,AB,"Kiani et al., 2007",67550000.bmp,V,sheep.n.01
animate\animal\body\mammal\hooved\skunk_pig1.png,skunk_pig1.png,AB,"Kiani et al., 2007",66830000.bmp,V,peccary.n.01
animate\animal\body\mammal\marsupial\kangaroo1.png,kangaroo1.png,AB,"Kiani et al., 2007",66790000.bmp,V,kangaroo.n.01
animate\animal\body\mammal\primate\monkey1.png,monkey1.png,AB,"Kiani et al., 2007",67100000.bmp,V,monkey.n.01
animate\animal\body\mammal\primate\monkey2.png,monkey2.png,AB,"Kiani et al., 2007",67110000.bmp,V,monkey.n.01
animate\animal\body\mammal\rodent\armadillo1.png,armadillo1.png,AB,"Kiani et al., 2007",66740000.bmp,V,armadillo.n.01
animate\animal\body\mammal\rodent\hedgehog1.png,hedgehog1.png,AB,"Kiani et al., 2007",66780000.bmp,V,porcupine.n.01
animate\animal\body\mammal\rodent\squirrel1.png,squirrel1.png,AB,"Kiani et al., 2007",66900000.bmp,V,squirrel.n.01
animate\animal\body\mammal\rodent\sugar_glider1.png,sugar_glider1.png,AB,"Kiani et al., 2007",66800000.bmp,V,flying_phalanger.n.01
animate\animal\body\mammal\rodent\sugar_glider2.png,sugar_glider2.png,AB,"Kiani et al., 2007",66890000.bmp,V,flying_phalanger.n.01
animate\animal\face\bird\chicken1.png,chicken1.png,AF,"Kiani et al., 2007",66670000.bmp,V,chicken.n.01
animate\animal\face\bird\duck1.png,duck1.png,AF,"Kiani et al., 2007",66500000.bmp,V,duck.n.01
animate\animal\face\bird\duck2.png,duck2.png,AF,"Kiani et al., 2007",66580000.bmp,V,duck.n.01
animate\animal\face\bird\duck3.png,duck3.png,AF,"Kiani et al., 2007",66720000.bmp,V,duck.n.01
animate\animal\face\bird\eagle1.png,eagle1.png,AF,"Kiani et al., 2007",66550000.bmp,V,eagle.n.01
animate\animal\face\bird\goose1.png,goose1.png,AF,"Kiani et al., 2007",66540000.bmp,V,goose.n.01
animate\animal\face\bird\grey_crowned_crane1.png,grey_crowned_crane1.png,AF,"Kiani et al., 2007",66510000.bmp,V,crane.n.05
animate\animal\face\bird\parrot1.png,parrot1.png,AF,"Kiani et al., 2007",66480000.bmp,V,parrot.n.01
animate\animal\face\bird\parrot2.png,parrot2.png,AF,"Kiani et al., 2007",66700000.bmp,V,parrot.n.01
animate\animal\face\bird\pheasant1.png,pheasant1.png,AF,"Kiani et al., 2007",66660000.bmp,V,pheasant.n.01
animate\animal\face\mammal\bear\polar_bear1.png,polar_bear1.png,AF,"Kiani et al., 2007",66650000.bmp,V,ice_bear.n.01
animate\animal\face\mammal\canine\border_collie1.png,border_collie1.png,AF,"Kiani et al., 2007",67820000.bmp,V,border_collie.n.01
animate\animal\face\mammal\canine\german_shepherd1.png,german_shepherd1.png,AF,"Kiani et al., 2007",40450000.bmp,V,german_shepherd.n.01
animate\animal\face\mammal\canine\great_dane1.png,great_dane1.png,AF,"Kiani et al., 2007",40490000.bmp,V,great_dane.n.01
animate\animal\face\mammal\canine\samoyed1.png,samoyed1.png,AF,"Kiani et al., 2007",66570000.bmp,V,samoyed.n.01
animate\animal\face\mammal\feline\cat_angora1.png,cat_angora1.png,AF,"Kiani et al., 2007",66610000.bmp,V,angora.n.04
animate\animal\face\mammal\feline\cat1.png,cat1.png,AF,"Kiani et al., 2007",66590000.bmp,V,cat.n.01
animate\animal\face\mammal\feline\lion1.png,lion1.png,AF,"Kiani et al., 2007",40570000.bmp,V,lion.n.01
animate\animal\face\mammal\feline\lion2.png,lion2.png,AF,"Kiani et al., 2007",66600000.bmp,V,lion.n.01
animate\animal\face\mammal\feline\ocelot1.png,ocelot1.png,AF,"Kiani et al., 2007",66640000.bmp,V,ocelot.n.01
animate\animal\face\mammal\feline\tiger1.png,tiger1.png,AF,"Kiani et al., 2007",66690000.bmp,V,tiger.n.01
animate\animal\face\mammal\hooved\antilope1.png,antilope1.png,AF,"Kiani et al., 2007",66560000.bmp,V,antilope.n.01
animate\animal\face\mammal\hooved\camel1.png,camel1.png,AF,"Kiani et al., 2007",66490000.bmp,V,camel.n.01
animate\animal\face\mammal\hooved\deer1.png,deer1.png,AF,"Kiani et al., 2007",40330000.bmp,V,deer.n.01
animate\animal\face\mammal\hooved\deer2.png,deer2.png,AF,"Kiani et al., 2007",66520000.bmp,V,deer.n.01
animate\animal\face\mammal\hooved\deer3.png,deer3.png,AF,"Kiani et al., 2007",66710000.bmp,V,deer.n.01
animate\animal\face\mammal\hooved\donkey1.png,donkey1.png,AF,"Kiani et al., 2007",66530000.bmp,V,donkey.n.01
animate\animal\face\mammal\hooved\giraffe1.png,giraffe1.png,AF,"Kiani et al., 2007",40460000.bmp,V,giraffe.n.01
animate\animal\face\mammal\hooved\goat1.png,goat1.png,AF,"Kiani et al., 2007",40470000.bmp,V,goat.n.01
animate\animal\face\mammal\hooved\goat2.png,goat2.png,AF,"Kiani et al., 2007",66630000.bmp,V,goat.n.01
animate\animal\face\mammal\hooved\horse1.png,horse1.png,AF,"Kiani et al., 2007",66620000.bmp,V,horse.n.01
animate\animal\face\mammal\hooved\horse2.png,horse2.png,AF,"Kiani et al., 2007",67660000.bmp,V,horse.n.01
animate\animal\face\mammal\hooved\sheep1.png,sheep1.png,AF,"Kiani et al., 2007",66680000.bmp,V,sheep.n.01
animate\animal\face\mammal\primate\baboon1.png,baboon1.png,AF,"Kiani et al., 2007",65420000.bmp,V,baboon.n.01
animate\animal\face\mammal\primate\baboon2.png,baboon2.png,AF,"Kiani et al., 2007",65430000.bmp,V,baboon.n.01
animate\animal\face\mammal\primate\baboon3.png,baboon3.png,AF,"Kiani et al., 2007",67290000.bmp,V,baboon.n.01
animate\animal\face\mammal\primate\baboon4.png,baboon4.png,AF,"Kiani et al., 2007",67280000.bmp,V,baboon.n.01
animate\animal\face\mammal\primate\baboon5.png,baboon5.png,AF,"Kiani et al., 2007",67300000.bmp,V,baboon.n.01
animate\animal\face\mammal\primate\baboon6.png,baboon6.png,AF,"Kiani et al., 2007",67440000.bmp,V,baboon.n.01
animate\animal\face\mammal\primate\capuchin1.png,capuchin1.png,AF,"Kiani et al., 2007",41050000.bmp,V,capuchin.n.01
animate\animal\face\mammal\primate\capuchin2.png,capuchin2.png,AF,"Kiani et al., 2007",65410000.bmp,V,capuchin.n.01
animate\animal\face\mammal\primate\chimpanzee1.png,chimpanzee1.png,AF,"Kiani et al., 2007",67360000.bmp,V,chimpanzee.n.01
animate\animal\face\mammal\primate\chimpanzee2.png,chimpanzee2.png,AF,"Kiani et al., 2007",67320000.bmp,V,chimpanzee.n.01
animate\animal\face\mammal\primate\chimpanzee3.png,chimpanzee3.png,AF,"Kiani et al., 2007",67340000.bmp,V,chimpanzee.n.01
animate\animal\face\mammal\primate\chimpanzee4.png,chimpanzee4.png,AF,"Kiani et al., 2007",67350000.bmp,V,chimpanzee.n.01
animate\animal\face\mammal\primate\gorilla1.png,gorilla1.png,AF,"Kiani et al., 2007",40480000.bmp,V,gorilla.n.01
animate\animal\face\mammal\primate\macaque1.png,macaque1.png,AF,"Kiani et al., 2007",65400000.bmp,V,macaque.n.01
animate\animal\face\mammal\primate\macaque2.png,macaque2.png,AF,"Kiani et al., 2007",67130000.bmp,V,macaque.n.01
animate\animal\face\mammal\primate\macaque3.png,macaque3.png,AF,"Kiani et al., 2007",67140000.bmp,V,macaque.n.01
animate\animal\face\mammal\primate\orangutan1.png,orangutan1.png,AF,"Kiani et al., 2007",67430000.bmp,V,orangutan.n.01
animate\animal\face\mammal\primate\orangutan2.png,orangutan2.png,AF,"Kiani et al., 2007",67420000.bmp,V,orangutan.n.01
animate\animal\face\mammal\primate\vervet1.png,vervet1.png,AF,"Kiani et al., 2007",67330000.bmp,V,vervet.n.01
animate\animal\face\mammal\rodent\hedgehog1.png,hedgehog1.png,AF,"Kiani et al., 2007",65440000.bmp,V,porcupine.n.01
animate\human\body\child\child1.png,child1.png,HB,online source,https://toppng.com/free-image/jumping-young-man-PNG-free-PNG-Images_69968,V,child.n.01
animate\human\body\child\child2.png,child2.png,HB,"Grootswagers et al., 2019",stim048_animate_human_child_4.png,V,child.n.01
animate\human\body\child\child3.png,child3.png,HB,"Kiani et al., 2007",25340000.bmp,V,child.n.01
animate\human\body\child\child4.png,child4.png,HB,"Grootswagers et al., 2019",stim045_animate_human_child_1.png,V,child.n.01
animate\human\body\child\child5.png,child5.png,HB,"Grootswagers et al., 2019",stim046_animate_human_child_2.png,V,child.n.01
animate\human\body\clown\clown1.png,clown1.png,HB,"Grootswagers et al., 2019",stim050_animate_human_clown_2.png,V,clown.n.01
animate\human\body\clown\clown2.png,clown2.png,HB,"Grootswagers et al., 2019",stim049_animate_human_clown_1.png,V,clown.n.01
animate\human\body\clown\clown3.png,clown3.png,HB,"Grootswagers et al., 2019",stim051_animate_human_clown_3.png,V,clown.n.01
animate\human\body\hand\hand1.png,hand1.png,HB,online source,https://toppng.com/free-image/clenched-baby-fist-PNG-free-PNG-Images_69686,V,hand.n.01
animate\human\body\hand\hand10.png,hand10.png,HB,"Kiani et al., 2007",65350000.bmp,V,hand.n.01
animate\human\body\hand\hand11.png,hand11.png,HB,"Kiani et al., 2007",25250000.bmp,V,hand.n.01
animate\human\body\hand\hand12.png,hand12.png,HB,"Kiani et al., 2007",25380000.bmp,V,hand.n.01
animate\human\body\hand\hand13.png,hand13.png,HB,online source,https://toppng.com/free-image/grabbing-hand-front-PNG-free-PNG-Images_69845,V,hand.n.01
animate\human\body\hand\hand14.png,hand14.png,HB,online source,https://www.stickpng.com/img/people/hands/asking-hand,V,hand.n.01
animate\human\body\hand\hand15.png,hand15.png,HB,online source,https://www.gettyimages.ca/detail/photo/close-up-of-mans-hand-holding-two-euro-coin-royalty-free-image/skd182361sdc,V,hand.n.01
animate\human\body\hand\hand16.png,hand16.png,HB,"Kiani et al., 2007",65150000.bmp,V,hand.n.01
animate\human\body\hand\hand17.png,hand17.png,HB,"Kiani et al., 2007",65190000.bmp,V,hand.n.01
animate\human\body\hand\hand18.png,hand18.png,HB,"Kiani et al., 2007",65200000.bmp,V,hand.n.01
animate\human\body\hand\hand19.png,hand19.png,HB,"Kiani et al., 2007",65210000.bmp,V,hand.n.01
animate\human\body\hand\hand2.png,hand2.png,HB,online source,https://www.stickpng.com/img/people/fingers/fingers-crossed,V,hand.n.01
animate\human\body\hand\hand20.png,hand20.png,HB,"Kiani et al., 2007",65220000.bmp,V,hand.n.01
animate\human\body\hand\hand21.png,hand21.png,HB,"Kiani et al., 2007",65270000.bmp,V,hand.n.01
animate\human\body\hand\hand22.png,hand22.png,HB,"Kiani et al., 2007",65280000.bmp,V,hand.n.01
animate\human\body\hand\hand23.png,hand23.png,HB,"Kiani et al., 2007",65320000.bmp,V,hand.n.01
animate\human\body\hand\hand24.png,hand24.png,HB,"Kiani et al., 2007",65360000.bmp,V,hand.n.01
animate\human\body\hand\hand25.png,hand25.png,HB,online source,https://pngimg.com/image/98370,V,hand.n.01
animate\human\body\hand\hand26.png,hand26.png,HB,online source,https://www.stickpng.com/img/people/hands/hands-praying-open,V,hand.n.01
animate\human\body\hand\hand27.png,hand27.png,HB,online source,https://www.stickpng.com/img/people/hands/hand-negative-down,V,hand.n.01
animate\human\body\hand\hand3.png,hand3.png,HB,"Kiani et al., 2007",25210000.bmp,V,hand.n.01
animate\human\body\hand\hand4.png,hand4.png,HB,online source,https://www.stickpng.com/img/people/fingers/three-fingers,V,hand.n.01
animate\human\body\hand\hand5.png,hand5.png,HB,online source,https://pngitem.com/middle/ohx_hands-waiting-hand-png-transparent-png/,V,hand.n.01
animate\human\body\hand\hand6.png,hand6.png,HB,online source,https://jp.pinterest.com/pin/866661522041702198/,V,hand.n.01
animate\human\body\hand\hand7.png,hand7.png,HB,"Kiani et al., 2007",65170000.bmp,V,hand.n.01
animate\human\body\hand\hand8.png,hand8.png,HB,"Kiani et al., 2007",65250000.bmp,V,hand.n.01
animate\human\body\hand\hand9.png,hand9.png,HB,"Kiani et al., 2007",65300000.bmp,V,hand.n.01
animate\human\body\man\athlete1.png,athlete1.png,HB,"Kiani et al., 2007",25040000.bmp,V,man.n.01
animate\human\body\man\baseball1.png,baseball1.png,HB,"Kiani et al., 2007",25020000.bmp,V,man.n.01
animate\human\body\man\baseball2.png,baseball2.png,HB,"Kiani et al., 2007",25320000.bmp,V,man.n.01
animate\human\body\man\baseball3.png,baseball3.png,HB,"Kiani et al., 2007",25010000.bmp,V,man.n.01
animate\human\body\man\basketball1.png,basketball1.png,HB,"Kiani et al., 2007",25310000.bmp,V,man.n.01
animate\human\body\man\basketball2.png,basketball2.png,HB,"Kiani et al., 2007",25000000.bmp,V,man.n.01
animate\human\body\man\bicycle1.png,bicycle1.png,HB,"Kiani et al., 2007",25030000.bmp,V,man.n.01
animate\human\body\man\business_man1.png,business_man1.png,HB,online source,https://www.cleanpng.com/png-businessperson-trade-clip-art-41yo22/,V,man.n.01
animate\human\body\man\business_man2.png,business_man2.png,HB,"Kiani et al., 2007",25150000.bmp,V,man.n.01
animate\human\body\man\business_man4.png,business_man4.png,HB,online source,https://www.kindpng.com/imgv/ihhwTi_dancer-fred-astaire-sideview-fred-astaire-no-background/#google_vignette,V,man.n.01
animate\human\body\man\hunter1.png,hunter1.png,HB,"Kiani et al., 2007",25260000.bmp,V,man.n.01
animate\human\body\man\old1.png,old1.png,HB,"Kiani et al., 2007",25180000.bmp,V,man.n.01
animate\human\body\man\running1.png,running1.png,HB,"Grootswagers et al., 2019",stim057_animate_human_sports_1.png,V,man.n.01
animate\human\body\man\samurai1.png,samurai1.png,HB,"Kiani et al., 2007",25050000.bmp,V,man.n.01
animate\human\body\man\soccer1.png,soccer1.png,HB,"Kiani et al., 2007",25060000.bmp,V,man.n.01
animate\human\body\man\worker1.png,worker1.png,HB,online source,https://www.pngitem.com/middle/TomRw_builder-man-construction-worker-png-transparent-png/#google_vignette,V,man.n.01
animate\human\body\man\young1.png,young1.png,HB,"Kiani et al., 2007",25290000.bmp,V,man.n.01
animate\human\body\woman\dance1.png,dance1.png,HB,"Kiani et al., 2007",25160000.bmp,V,woman.n.01
animate\human\body\woman\dance2.png,dance2.png,HB,online source,https://www.pngitem.com/middle/ihThhR_dancer-ballet-standing-ballet-dancer-transparent-background-hd/,V,woman.n.01
animate\human\body\woman\dance3.png,dance3.png,HB,online source,https://pngimg.com/image/54002,V,woman.n.01
animate\human\body\woman\dress1.png,dress1.png,HB,online source,https://www.pngkey.com/maxpic/u2q8u2o0w7i1t4i1/,V,woman.n.01
animate\human\body\woman\hokey1.png,hokey1.png,HB,"Kiani et al., 2007",25370000.bmp,V,woman.n.01
animate\human\body\woman\running1.png,running1.png,HB,"Grootswagers et al., 2019",stim060_animate_human_sports_4.png,V,woman.n.01
animate\human\body\woman\running2.png,running2.png,HB,"Grootswagers et al., 2019",stim059_animate_human_sports_3.png,V,woman.n.01
animate\human\body\woman\young1.png,young1.png,HB,online source,https://freepngimg.com/png/5589-woman-girl-png-image,V,woman.n.01
animate\human\body\woman\young2.png,young2.png,HB,online source,https://pngtree.com/freepng/thinking-woman-young-portrait-women_15539808.html,V,woman.n.01
animate\human\body\woman\young3.png,young3.png,HB,online source,https://www.nicepng.com/maxp/u2q8a9q8q8r5y3e6/,V,woman.n.01
animate\human\face\asian\female1.png,female1.png,HF,Face Place,AF0301_1100_SA.jpg,V,woman.n.01
animate\human\face\asian\female10.png,female10.png,HF,Face Place,AF0326_2201_30R.jpg,V,woman.n.01
animate\human\face\asian\female11.png,female11.png,HF,Face Place,AF0333_1110_30R.jpg,V,woman.n.01
animate\human\face\hispanic\female1.png,female1.png,HF,Face Place,HF1203_1110_NE.jpg,V,woman.n.01
animate\human\face\asian\female2.png,female2.png,HF,Face Place,AF0307_1100_FE.jpg,V,woman.n.01
animate\human\face\asian\female3.png,female3.png,HF,Face Place,AF0303_1110_HA.jpg,V,woman.n.01
animate\human\face\asian\female4.png,female4.png,HF,Face Place,AF0327_1100_NE.jpg,V,woman.n.01
animate\human\face\asian\female5.png,female5.png,HF,Face Place,AF0304_1100_30R.jpg,V,woman.n.01
animate\human\face\asian\female6.png,female6.png,HF,Face Place,AF0305_1100_SU.jpg,V,woman.n.01
animate\human\face\asian\female7.png,female7.png,HF,Face Place,AF0306_1100_HA.jpg,V,woman.n.01
animate\human\face\asian\female8.png,female8.png,HF,Face Place,AF0313_1100_NE.jpg,V,woman.n.01
animate\human\face\asian\female9.png,female9.png,HF,Face Place,AF0314_1100_NE.jpg,V,woman.n.01
animate\human\face\asian\male1.png,male1.png,HF,Face Place,AM0304_1100_NE.jpg,V,man.n.01
animate\human\face\asian\male10.png,male10.png,HF,Face Place,AM0313_1100_NE.jpg,V,man.n.01
animate\human\face\asian\male11.png,male11.png,HF,Face Place,AM0319_1100_45R.jpg,V,man.n.01
animate\human\face\asian\male2.png,male2.png,HF,Face Place,AM0315_1100_30L.jpg,V,man.n.01
animate\human\face\asian\male3.png,male3.png,HF,Face Place,AM0301_1101_HA.jpg,V,man.n.01
animate\human\face\asian\male4.png,male4.png,HF,Face Place,AM0302_1100_SU.jpg,V,man.n.01
animate\human\face\asian\male5.png,male5.png,HF,Face Place,AM0303_1100_NE.jpg,V,man.n.01
animate\human\face\asian\male6.png,male6.png,HF,Face Place,AM0305_1101_HA.jpg,V,man.n.01
animate\human\face\asian\male7.png,male7.png,HF,Face Place,AM0307_1100_45R.jpg,V,man.n.01
animate\human\face\asian\male8.png,male8.png,HF,Face Place,AM0310_1100_45L.jpg,V,man.n.01
animate\human\face\asian\male9.png,male9.png,HF,Face Place,AM0312_1101_45L.jpg,V,man.n.01
animate\human\face\black\female1.png,female1.png,HF,Face Place,BF0605_1110_30R.jpg,V,woman.n.01
animate\human\face\black\female2.png,female2.png,HF,Face Place,BF0601_1100_NE.jpg,V,woman.n.01
animate\human\face\black\female3.png,female3.png,HF,Face Place,BF0603_1100_45R.jpg,V,woman.n.01
animate\human\face\black\female4.png,female4.png,HF,Face Place,BF0607_1100_15R.jpg,V,woman.n.01
animate\human\face\black\female5.png,female5.png,HF,Face Place,BF0610_1100_NE.jpg,V,woman.n.01
animate\human\face\black\female6.png,female6.png,HF,Face Place,BF0612_1100_30R.jpg,V,woman.n.01
animate\human\face\black\female7.png,female7.png,HF,Face Place,BF0623_2200_HA.jpg,V,woman.n.01
animate\human\face\black\male1.png,male1.png,HF,Face Place,BM0603_1110_NE.jpg,V,man.n.01
animate\human\face\black\male2.png,male2.png,HF,Face Place,BM0602_1100_NE.jpg,V,man.n.01
animate\human\face\black\male3.png,male3.png,HF,Face Place,BM0605_1110_30L.jpg,V,man.n.01
animate\human\face\black\male4.png,male4.png,HF,Face Place,BM0605_3110_45R.jpg,V,man.n.01
animate\human\face\black\male5.png,male5.png,HF,Face Place,BM0607_1100_NE.jpg,V,man.n.01
animate\human\face\black\male6.png,male6.png,HF,Face Place,BM0608_3330_NE.jpg,V,man.n.01
animate\human\face\black\male7.png,male7.png,HF,Face Place,BM0610_1100_00F.jpg,V,man.n.01
animate\human\face\black\male8.png,male8.png,HF,Face Place,BM0613_1111_NE.jpg,V,man.n.01
animate\human\face\black\male9.png,male9.png,HF,Face Place,BM0617_1100_HA.jpg,V,man.n.01
animate\human\face\caucasian\female1.png,female1.png,HF,Face Place,CF0021_1110_SA.jpg,V,woman.n.01
animate\human\face\caucasian\female10.png,female10.png,HF,Face Place,CF0004_1100_NE.jpg,V,woman.n.01
animate\human\face\caucasian\female11.png,female11.png,HF,Face Place,CF0005_1100_CO.jpg,V,woman.n.01
animate\human\face\caucasian\female12.png,female12.png,HF,Face Place,CF0006_1100_NE.jpg,V,woman.n.01
animate\human\face\caucasian\female13.png,female13.png,HF,Face Place,CF0007_1100_NE.jpg,V,woman.n.01
animate\human\face\caucasian\female14.png,female14.png,HF,Face Place,CF0008_1100_HA.jpg,V,woman.n.01
animate\human\face\caucasian\female15.png,female15.png,HF,Face Place,CF0009_1100_CO.jpg,V,woman.n.01
animate\human\face\caucasian\female16.png,female16.png,HF,Face Place,CF0010_1100_FE.jpg,V,woman.n.01
animate\human\face\caucasian\female17.png,female17.png,HF,Face Place,CF0011_1101_SA.jpg,V,woman.n.01
animate\human\face\caucasian\female18.png,female18.png,HF,Face Place,CF0012_1110_30R.jpg,V,woman.n.01
animate\human\face\caucasian\female19.png,female19.png,HF,Face Place,CF0013_1110_SA.jpg,V,woman.n.01
animate\human\face\caucasian\female2.png,female2.png,HF,Face Place,CF0035_1101_CO.jpg,V,woman.n.01
animate\human\face\caucasian\female20.png,female20.png,HF,Face Place,CF0014_1100_HA.jpg,V,woman.n.01
animate\human\face\caucasian\female21.png,female21.png,HF,Face Place,CF0015_1110_SU.jpg,V,woman.n.01
animate\human\face\caucasian\female22.png,female22.png,HF,Face Place,CF0020_2101_15L.jpg,V,woman.n.01
animate\human\face\caucasian\female23.png,female23.png,HF,Face Place,CF0022_1100_DI.jpg,V,woman.n.01
animate\human\face\caucasian\female24.png,female24.png,HF,Face Place,CF0023_1100_DI.jpg,V,woman.n.01
animate\human\face\caucasian\female25.png,female25.png,HF,Face Place,CF0025_1100_SA.jpg,V,woman.n.01
animate\human\face\caucasian\female26.png,female26.png,HF,Face Place,CF0027_1110_CO.jpg,V,woman.n.01
animate\human\face\caucasian\female27.png,female27.png,HF,Face Place,CF0028_1100_NE.jpg,V,woman.n.01
animate\human\face\caucasian\female28.png,female28.png,HF,Face Place,CF0029_1100_HA.jpg,V,woman.n.01
animate\human\face\caucasian\female29.png,female29.png,HF,Face Place,CF0033_3311_NE.jpg,V,woman.n.01
animate\human\face\caucasian\female3.png,female3.png,HF,Face Place,CF0049_1100_HA.jpg,V,woman.n.01
animate\human\face\caucasian\female30.png,female30.png,HF,Face Place,CF0040_1110_HA.jpg,V,woman.n.01
animate\human\face\caucasian\female31.png,female31.png,HF,Face Place,CF0053_1100_HA.jpg,V,woman.n.01
animate\human\face\hispanic\female2.png,female2.png,HF,Face Place,HF1201_1120_30R.jpg,V,woman.n.01
animate\human\face\hispanic\female3.png,female3.png,HF,Face Place,HF1201_3330_NE.jpg,V,woman.n.01
animate\human\face\hispanic\female4.png,female4.png,HF,Face Place,HF1204_1100_NE.jpg,V,woman.n.01
animate\human\face\hispanic\female5.png,female5.png,HF,Face Place,HF1205_1100_00F.jpg,V,woman.n.01
animate\human\face\hispanic\female6.png,female6.png,HF,Face Place,HF1211_1101_NE.jpg,V,woman.n.01
animate\human\face\hispanic\female7.png,female7.png,HF,Face Place,HF1216_1120_NE.jpg,V,woman.n.01
animate\human\face\caucasian\female4.png,female4.png,HF,Face Place,CF0001_1101_FE.jpg,V,woman.n.01
animate\human\face\caucasian\female5.png,female5.png,HF,Face Place,CF00017_1100_15L.jpg,V,woman.n.01
animate\human\face\caucasian\female6.png,female6.png,HF,Face Place,CF00018_1100_45R.jpg,V,woman.n.01
animate\human\face\caucasian\female7.png,female7.png,HF,Face Place,CF00019_1100_NE.jpg,V,woman.n.01
animate\human\face\caucasian\female8.png,female8.png,HF,Face Place,CF0002_1100_15R.jpg,V,woman.n.01
animate\human\face\caucasian\female9.png,female9.png,HF,Face Place,CF0003_1100_FE.jpg,V,woman.n.01
animate\human\face\caucasian\male1.png,male1.png,HF,Face Place,CM0002_1100_FE.jpg,V,man.n.01
animate\human\face\caucasian\male10.png,male10.png,HF,Face Place,CM0007_1100_SA.jpg,V,man.n.01
animate\human\face\caucasian\male11.png,male11.png,HF,Face Place,CM0009_1100_00F.jpg,V,man.n.01
animate\human\face\caucasian\male12.png,male12.png,HF,Face Place,CM0010_1100_FE.jpg,V,man.n.01
animate\human\face\caucasian\male13.png,male13.png,HF,Face Place,CM0011_1100_CO.jpg,V,man.n.01
animate\human\face\caucasian\male14.png,male14.png,HF,Face Place,CM0013_1110_30R.jpg,V,man.n.01
animate\human\face\caucasian\male15.png,male15.png,HF,Face Place,CM0015_1100_DI.jpg,V,man.n.01
animate\human\face\caucasian\male16.png,male16.png,HF,Face Place,CM0018_1110_FE.jpg,V,man.n.01
animate\human\face\caucasian\male17.png,male17.png,HF,Face Place,CM0020_1110_30R.jpg,V,man.n.01
animate\human\face\caucasian\male18.png,male18.png,HF,Face Place,CM0024_1110_DI.jpg,V,man.n.01
animate\human\face\caucasian\male19.png,male19.png,HF,Face Place,CM0033_1100_HA.jpg,V,man.n.01
animate\human\face\caucasian\male2.png,male2.png,HF,Face Place,CM0004_1100_00F.jpg,V,man.n.01
animate\human\face\caucasian\male20.png,male20.png,HF,Face Place,CM0037_1110_SU.jpg,V,man.n.01
animate\human\face\caucasian\male21.png,male21.png,HF,Face Place,CM0039_3300_00F.jpg,V,man.n.01
animate\human\face\caucasian\male22.png,male22.png,HF,Face Place,CM0041_1100_SU.jpg,V,man.n.01
animate\human\face\caucasian\male23.png,male23.png,HF,Face Place,CM0041_3101_45R.jpg,V,man.n.01
animate\human\face\caucasian\male24.png,male24.png,HF,Face Place,CM0050_1100_SA.jpg,V,man.n.01
animate\human\face\hispanic\male2.png,male2.png,HF,Face Place,HM1201_3101_30R.jpg,V,man.n.01
animate\human\face\hispanic\male3.png,male3.png,HF,Face Place,HM1202_1110_CO.jpg,V,man.n.01
animate\human\face\caucasian\male3.png,male3.png,HF,Face Place,CM0025_1100_HA.jpg,V,man.n.01
animate\human\face\caucasian\male4.png,male4.png,HF,Face Place,CM0047_1100_SU.jpg,V,man.n.01
animate\human\face\hispanic\male1.png,male1.png,HF,Face Place,HM1201_1100_NE.jpg,V,man.n.01
animate\human\face\caucasian\male6.png,male6.png,HF,Face Place,CM0001_1100_NE.jpg,V,man.n.01
animate\human\face\caucasian\male7.png,male7.png,HF,Face Place,CM0003_1101_DI.jpg,V,man.n.01
animate\human\face\caucasian\male8.png,male8.png,HF,Face Place,CM0005_2201_30R.jpg,V,man.n.01
animate\human\face\caucasian\male9.png,male9.png,HF,Face Place,CM0006_1110_FE.jpg,V,man.n.01
inanimate\handmade\ball\baseball1.png,baseball1.png,HO,online source,https://commons.wikimedia.org/wiki/File:Baseball_(crop).png,V,baseball.n.01
inanimate\handmade\ball\basketball1.png,basketball1.png,HO,"Kiani et al., 2007",56420000.bmp,V,basketball.n.01
inanimate\handmade\ball\basketball2.png,basketball2.png,HO,online source,https://www.gettyimages.ca/detail/photo/basketball-royalty-free-image/SPE_014,V,basketball.n.01
inanimate\handmade\ball\basketball3.png,basketball3.png,HO,online source,https://www.gettyimages.ca/detail/photo/basketball-cut-out-on-white-background-royalty-free-image/1302325640,V,basketball.n.01
inanimate\handmade\ball\basketball4.png,basketball4.png,HO,online source,https://bestsoccerbuyssportinggoods.wordpress.com/2013/11/21/vintage-soccer-ball-oldie-used-back-in-1950s/,V,basketball.n.01
inanimate\handmade\ball\basketball5.png,basketball5.png,HO,online source,https://www.gettyimages.ca/detail/photo/close-up-of-a-basketball-royalty-free-image/skd190135sdc,V,basketball.n.01
inanimate\handmade\ball\basketball6.png,basketball6.png,HO,online source,https://www.gettyimages.ca/detail/photo/basketball-royalty-free-image/SP000815,V,basketball.n.01
inanimate\handmade\ball\basketball7.png,basketball7.png,HO,online source,https://www.gettyimages.ca/detail/photo/basketball-royalty-free-image/SP002803,V,basketball.n.01
inanimate\handmade\ball\basketball8.png,basketball8.png,HO,online source,https://www.gettyimages.ca/detail/photo/basketball-ball-with-clipping-path-basketball-royalty-free-image/2220649659,V,basketball.n.01
inanimate\handmade\ball\beach_ball3.png,beach_ball3.png,HO,online source,https://www.gettyimages.ca/detail/photo/a-beach-ball-royalty-free-image/57639525,V,beach_ball.n.01
inanimate\handmade\ball\billiard1.png,billiard1.png,HO,"Kiani et al., 2007",55370000.bmp,V,billiard_ball.n.01
inanimate\handmade\ball\football2.png,football2.png,HO,online source,https://www.gettyimages.ca/detail/photo/white-leather-football-royalty-free-image/1054930848,V,football.n.01
inanimate\handmade\ball\football3.png,football3.png,HO,online source,https://jp.pinterest.com/pin/808748045587781099/,V,football.n.01
inanimate\handmade\ball\football5.png,football5.png,HO,online source,https://media.gettyimages.com/id/482855855/photo/soccer-ball.jpg?s=1024x1024&w=gi&k=20&c=X6-oyIwziIlqm1IdYR2D7BkRIEDtcygthwsdp5FxxoI=,V,football.n.01
inanimate\handmade\ball\football6.png,football6.png,HO,online source,https://www.gettyimages.ca/detail/photo/close-up-of-a-soccer-ball-royalty-free-image/skd190113sdc,V,football.n.01
inanimate\handmade\ball\golf_ball1.png,golf_ball1.png,HO,online source,https://stock.adobe.com/ca/search?k=golf+ball&asset_id=545867930,V,golf_ball.n.01
inanimate\handmade\ball\golf_ball2.png,golf_ball2.png,HO,online source,https://www.gettyimages.ca/detail/illustration/golf-ball-on-a-colorful-tee-royalty-free-illustration/1324379189,V,golf_ball.n.01
inanimate\handmade\ball\golf_ball3.png,golf_ball3.png,HO,online source,https://www.gettyimages.ca/detail/illustration/golf-ball-royalty-free-illustration/96612388,V,golf_ball.n.01
inanimate\handmade\ball\other2.png,other2.png,HO,online source,https://www.gettyimages.ie/detail/photo/close-up-of-a-basketball-royalty-free-image/skd190110sdc,V,ball.n.01
inanimate\handmade\ball\tennis1.png,tennis1.png,HO,online source,https://pngtree.com/freepng/tennisball-smash-win-summer_14675291.html,V,tennis_ball.n.01
inanimate\handmade\ball\tennis3.png,tennis3.png,HO,online source,https://i.ebayimg.com/images/g/QCQAAeSwk2dpxK~0/s-l1600.webp,V,tennis_ball.n.01
inanimate\handmade\ball\volleyball1.png,volleyball1.png,HO,online source,https://www.gettyimages.ca/detail/photo/professional-volleyball-with-blue-yellow-and-white-royalty-free-image/2241219941,V,volleyball.n.01
inanimate\handmade\ball\volleyball2.png,volleyball2.png,HO,online source,https://c7.alamy.com/comp/CPWHDX/soccer-ball-vintage-CPWHDX.jpg,V,volleyball.n.01
inanimate\handmade\ball\volleyball3.png,volleyball3.png,HO,online source,https://www.dreamstime.com/beige-volleyball-isolated-light-cream-colored-centrally-positioned-against-plain-white-background-ball-s-surface-has-image395419233,V,volleyball.n.01
inanimate\handmade\clothing\bowtie1.png,bowtie1.png,HO,"Kiani et al., 2007",57260000.bmp,V,bow_tie.n.01
inanimate\handmade\clothing\dress1.png,dress1.png,HO,"Kiani et al., 2007",57280000.bmp,V,dress.n.01
inanimate\handmade\clothing\glasses1.png,glasses1.png,HO,"Kiani et al., 2007",55610000.bmp,V,spectacles.n.01
inanimate\handmade\clothing\glasses2.png,glasses2.png,HO,"Kiani et al., 2007",55620000.bmp,V,spectacles.n.01
inanimate\handmade\clothing\glasses3.png,glasses3.png,HO,"Kiani et al., 2007",57340000.bmp,V,spectacles.n.01
inanimate\handmade\clothing\gloves1.png,gloves1.png,HO,"Grootswagers et al., 2019",stim101_inanimate_clothing_gloves_1.png,V,baseball_glove.n.01
inanimate\handmade\clothing\hat1.png,hat1.png,HO,"Kiani et al., 2007",57320000.bmp,V,hat.n.01
inanimate\handmade\clothing\hat2.png,hat2.png,HO,"Kiani et al., 2007",57330000.bmp,V,hat.n.01
inanimate\handmade\clothing\hat3.png,hat3.png,HO,"Grootswagers et al., 2019",stim106_inanimate_clothing_hat_2.png,V,hat.n.01
inanimate\handmade\clothing\jeans1.png,jeans1.png,HO,"Grootswagers et al., 2019",stim110_inanimate_clothing_jeans_2.png,V,jean.n.01
inanimate\handmade\clothing\necklace1.png,necklace1.png,HO,"Kiani et al., 2007",58450000.bmp,V,necklace.n.01
inanimate\handmade\clothing\necklace2.png,necklace2.png,HO,"Kiani et al., 2007",58540000.bmp,V,necklace.n.01
inanimate\handmade\clothing\ring1.png,ring1.png,HO,"Kiani et al., 2007",55880000.bmp,V,ring.n.01
inanimate\handmade\clothing\ring2.png,ring2.png,HO,"Kiani et al., 2007",58560000.bmp,V,ring.n.01
inanimate\handmade\clothing\ring3.png,ring3.png,HO,"Kiani et al., 2007",58570000.bmp,V,ring.n.01
inanimate\handmade\clothing\ring4.png,ring4.png,HO,"Kiani et al., 2007",59980000.bmp,V,ring.n.01
inanimate\handmade\clothing\shirt1.png,shirt1.png,HO,"Grootswagers et al., 2019",stim113_inanimate_clothing_shirt_1.png,V,shirt.n.01
inanimate\handmade\clothing\shoe1.png,shoe1.png,HO,"Kiani et al., 2007",55530000.bmp,V,shoe.n.01
inanimate\handmade\clothing\shoe2.png,shoe2.png,HO,"Kiani et al., 2007",55490000.bmp,V,shoe.n.01
inanimate\handmade\clothing\shoe3.png,shoe3.png,HO,"Kiani et al., 2007",55500000.bmp,V,shoe.n.01
inanimate\handmade\clothing\shoe4.png,shoe4.png,HO,"Kiani et al., 2007",57270000.bmp,V,shoe.n.01
inanimate\handmade\clothing\sock1.png,sock1.png,HO,"Grootswagers et al., 2019",stim117_inanimate_clothing_socks_1.png,V,sock.n.01
inanimate\handmade\clothing\watch1.png,watch1.png,HO,Auerbach-Asch & Deouell (2024),https://doi.org/10.1101/2024.12.02.623991,V,watch.n.01
inanimate\handmade\clothing\watch10.png,watch10.png,HO,Auerbach-Asch & Deouell (2024),https://doi.org/10.1101/2024.12.02.623991,V,watch.n.01
inanimate\handmade\clothing\watch11.png,watch11.png,HO,Auerbach-Asch & Deouell (2024),https://doi.org/10.1101/2024.12.02.623991,V,watch.n.01
inanimate\handmade\clothing\watch12.png,watch12.png,HO,Auerbach-Asch & Deouell (2024),https://doi.org/10.1101/2024.12.02.623991,V,watch.n.01
inanimate\handmade\clothing\watch2.png,watch2.png,HO,Auerbach-Asch & Deouell (2024),https://doi.org/10.1101/2024.12.02.623991,V,watch.n.01
inanimate\handmade\clothing\watch3.png,watch3.png,HO,Auerbach-Asch & Deouell (2024),https://doi.org/10.1101/2024.12.02.623991,V,watch.n.01
inanimate\handmade\clothing\watch4.png,watch4.png,HO,"Kiani et al., 2007",56550000.bmp,V,watch.n.01
inanimate\handmade\clothing\watch5.png,watch5.png,HO,Auerbach-Asch & Deouell (2024),https://doi.org/10.1101/2024.12.02.623991,V,watch.n.01
inanimate\handmade\clothing\watch6.png,watch6.png,HO,Auerbach-Asch & Deouell (2024),https://doi.org/10.1101/2024.12.02.623991,V,watch.n.01
inanimate\handmade\clothing\watch7.png,watch7.png,HO,Auerbach-Asch & Deouell (2024),https://doi.org/10.1101/2024.12.02.623991,V,watch.n.01
inanimate\handmade\clothing\watch8.png,watch8.png,HO,Auerbach-Asch & Deouell (2024),https://doi.org/10.1101/2024.12.02.623991,V,watch.n.01
inanimate\handmade\clothing\watch9.png,watch9.png,HO,Auerbach-Asch & Deouell (2024),https://doi.org/10.1101/2024.12.02.623991,V,watch.n.01
inanimate\handmade\electric\calculator1.png,calculator1.png,HO,"Kiani et al., 2007",57140000.bmp,V,calculator.n.01
inanimate\handmade\electric\camera1.png,camera1.png,HO,"Kiani et al., 2007",59280000.bmp,V,camera.n.01
inanimate\handmade\electric\cd1.png,cd1.png,HO,"Kiani et al., 2007",57290000.bmp,V,compact_disk.n.01
inanimate\handmade\electric\cellphone1.png,cellphone1.png,HO,"Kiani et al., 2007",57250000.bmp,V,cellular_telephone.n.01
inanimate\handmade\electric\computer_screen1.png,computer_screen1.png,HO,"Kiani et al., 2007",55560000.bmp,V,computer_screen.n.01
inanimate\handmade\electric\fan1.png,fan1.png,HO,"Kiani et al., 2007",55110000.bmp,V,fan.n.01
inanimate\handmade\electric\iron1.png,iron1.png,HO,"Kiani et al., 2007",55090000.bmp,V,iron.n.01
inanimate\handmade\electric\microwave1.png,microwave1.png,HO,"Kiani et al., 2007",55120000.bmp,V,microwave.n.01
inanimate\handmade\electric\phonograph1.png,phonograph1.png,HO,"Kiani et al., 2007",55310000.bmp,V,record_player.n.01
inanimate\handmade\electric\phonograph2.png,phonograph2.png,HO,"Kiani et al., 2007",59200000.bmp,V,record_player.n.01
inanimate\handmade\electric\speaker1.png,speaker1.png,HO,"Kiani et al., 2007",57030000.bmp,V,speaker.n.01
inanimate\handmade\electric\stove1.png,stove1.png,HO,"Kiani et al., 2007",55140000.bmp,V,stove.n.01
inanimate\handmade\electric\stove2.png,stove2.png,HO,"Kiani et al., 2007",55130000.bmp,V,stove.n.01
inanimate\handmade\electric\tape1.png,tape1.png,HO,"Kiani et al., 2007",59210000.bmp,V,tape.n.01
inanimate\handmade\electric\telephone1.png,telephone1.png,HO,"Kiani et al., 2007",55540000.bmp,V,telephone.n.01
inanimate\handmade\electric\television1.png,television1.png,HO,"Kiani et al., 2007",55330000.bmp,V,television.n.01
inanimate\handmade\electric\timer1.png,timer1.png,HO,"Kiani et al., 2007",60050000.bmp,V,timer.n.01
inanimate\handmade\electric\washer1.png,washer1.png,HO,"Kiani et al., 2007",55160000.bmp,V,washer.n.01
inanimate\handmade\food\bread1.png,bread1.png,HO,"Kiani et al., 2007",60400000.bmp,V,bread.n.01
inanimate\handmade\food\gummy1.png,gummy1.png,HO,"Kiani et al., 2007",57020000.bmp,V,food.n.01
inanimate\handmade\food\gummy2.png,gummy2.png,HO,"Kiani et al., 2007",60070000.bmp,V,food.n.01
inanimate\handmade\food\gummy3.png,gummy3.png,HO,"Kiani et al., 2007",60080000.bmp,V,food.n.01
inanimate\handmade\food\pasta1.png,pasta1.png,HO,"Kiani et al., 2007",60360000.bmp,V,pasta.n.01
inanimate\handmade\food\pasta2.png,pasta2.png,HO,"Kiani et al., 2007",60380000.bmp,V,pasta.n.01
inanimate\handmade\furniture\bed1.png,bed1.png,HO,"Grootswagers et al., 2019",stim143_inanimate_furniture_bed_3.png,V,bed.n.01
inanimate\handmade\furniture\bed2.png,bed2.png,HO,"Grootswagers et al., 2019",stim141_inanimate_furniture_bed_1.png,V,bed.n.01
inanimate\handmade\furniture\bed3.png,bed3.png,HO,"Grootswagers et al., 2019",stim142_inanimate_furniture_bed_2.png,V,bed.n.01
inanimate\handmade\furniture\bed4.png,bed4.png,HO,"Grootswagers et al., 2019",stim144_inanimate_furniture_bed_4.png,V,bed.n.01
inanimate\handmade\furniture\cabinet1.png,cabinet1.png,HO,"Grootswagers et al., 2019",stim151_inanimate_furniture_closet_3.png,V,cabinet.n.01
inanimate\handmade\furniture\cabinet2.png,cabinet2.png,HO,"Kiani et al., 2007",57670000.bmp,V,cabinet.n.01
inanimate\handmade\furniture\cabinet3.png,cabinet3.png,HO,"Grootswagers et al., 2019",stim149_inanimate_furniture_closet_1.png,V,cabinet.n.01
inanimate\handmade\furniture\cabinet4.png,cabinet4.png,HO,"Grootswagers et al., 2019",stim150_inanimate_furniture_closet_2.png,V,cabinet.n.01
inanimate\handmade\furniture\cabinet5.png,cabinet5.png,HO,"Grootswagers et al., 2019",stim152_inanimate_furniture_closet_4.png,V,cabinet.n.01
inanimate\handmade\furniture\chair1.png,chair1.png,HO,"Kiani et al., 2007",56350000.bmp,V,chair.n.01
inanimate\handmade\furniture\chair2.png,chair2.png,HO,"Kiani et al., 2007",56310000.bmp,V,chair.n.01
inanimate\handmade\furniture\chair3.png,chair3.png,HO,"Kiani et al., 2007",56330000.bmp,V,chair.n.01
inanimate\handmade\furniture\chair4.png,chair4.png,HO,"Kiani et al., 2007",56340000.bmp,V,chair.n.01
inanimate\handmade\furniture\chair5.png,chair5.png,HO,"Kiani et al., 2007",59060000.bmp,V,chair.n.01
inanimate\handmade\furniture\chair6.png,chair6.png,HO,"Grootswagers et al., 2019",stim145_inanimate_furniture_chair_1.png,V,chair.n.01
inanimate\handmade\furniture\chair7.png,chair7.png,HO,"Grootswagers et al., 2019",stim147_inanimate_furniture_chair_3.png,V,chair.n.01
inanimate\handmade\furniture\chair8.png,chair8.png,HO,"Grootswagers et al., 2019",stim146_inanimate_furniture_chair_2.png,V,chair.n.01
inanimate\handmade\furniture\desk1.png,desk1.png,HO,"Kiani et al., 2007",57640000.bmp,V,desk.n.01
inanimate\handmade\furniture\desk2.png,desk2.png,HO,"Kiani et al., 2007",57660000.bmp,V,desk.n.01
inanimate\handmade\furniture\fireplace1.png,fireplace1.png,HO,"Kiani et al., 2007",58200000.bmp,V,fireplace.n.01
inanimate\handmade\furniture\fireplace2.png,fireplace2.png,HO,"Kiani et al., 2007",58210000.bmp,V,fireplace.n.01
inanimate\handmade\furniture\lamp1.png,lamp1.png,HO,"Kiani et al., 2007",58880000.bmp,V,lamp.n.01
inanimate\handmade\furniture\lamp2.png,lamp2.png,HO,"Kiani et al., 2007",56020000.bmp,V,lamp.n.01
inanimate\handmade\furniture\lamp3.png,lamp3.png,HO,"Kiani et al., 2007",56030000.bmp,V,lamp.n.01
inanimate\handmade\furniture\lamp4.png,lamp4.png,HO,"Kiani et al., 2007",56040000.bmp,V,lamp.n.01
inanimate\handmade\furniture\lamp5.png,lamp5.png,HO,"Kiani et al., 2007",56060000.bmp,V,lamp.n.01
inanimate\handmade\furniture\lamp6.png,lamp6.png,HO,"Kiani et al., 2007",58870000.bmp,V,lamp.n.01
inanimate\handmade\furniture\sofa1.png,sofa1.png,HO,"Grootswagers et al., 2019",stim153_inanimate_furniture_sofa_1.png,V,sofa.n.01
inanimate\handmade\furniture\sofa2.png,sofa2.png,HO,"Grootswagers et al., 2019",stim154_inanimate_furniture_sofa_2.png,V,sofa.n.01
inanimate\handmade\furniture\sofa3.png,sofa3.png,HO,"Grootswagers et al., 2019",stim155_inanimate_furniture_sofa_3.png,V,sofa.n.01
inanimate\handmade\furniture\sofa4.png,sofa4.png,HO,"Grootswagers et al., 2019",stim156_inanimate_furniture_sofa_4.png,V,sofa.n.01
inanimate\handmade\furniture\sofa5.png,sofa5.png,HO,"Grootswagers et al., 2019",stim148_inanimate_furniture_chair_4.png,V,sofa.n.01
inanimate\handmade\furniture\stool1.png,stool1.png,HO,"Kiani et al., 2007",60280000.bmp,V,stool.n.01
inanimate\handmade\furniture\stool2.png,stool2.png,HO,"Kiani et al., 2007",55700000.bmp,V,stool.n.01
inanimate\handmade\furniture\stool3.png,stool3.png,HO,"Kiani et al., 2007",57680000.bmp,V,stool.n.01
inanimate\handmade\furniture\stool4.png,stool4.png,HO,"Kiani et al., 2007",57700000.bmp,V,stool.n.01
inanimate\handmade\furniture\table1.png,table1.png,HO,"Kiani et al., 2007",55680000.bmp,V,table.n.01
inanimate\handmade\furniture\table2.png,table2.png,HO,"Kiani et al., 2007",55690000.bmp,V,table.n.01
inanimate\handmade\furniture\table3.png,table3.png,HO,"Grootswagers et al., 2019",stim157_inanimate_furniture_table_1.png,V,table.n.01
inanimate\handmade\furniture\table4.png,table4.png,HO,"Grootswagers et al., 2019",stim158_inanimate_furniture_table_2.png,V,table.n.01
inanimate\handmade\furniture\table5.png,table5.png,HO,"Grootswagers et al., 2019",stim159_inanimate_furniture_table_3.png,V,table.n.01
inanimate\handmade\furniture\table6.png,table6.png,HO,"Grootswagers et al., 2019",stim160_inanimate_furniture_table_4.png,V,table.n.01
inanimate\handmade\furniture\table7.png,table7.png,HO,"Kiani et al., 2007",57710000.bmp,V,table.n.01
inanimate\handmade\kitchen\bottle1.png,bottle1.png,HO,"Kiani et al., 2007",57000000.bmp,V,bottle.n.01
inanimate\handmade\kitchen\grater1.png,grater1.png,HO,"Kiani et al., 2007",58610000.bmp,V,grater.n.01
inanimate\handmade\kitchen\jar1.png,jar1.png,HO,"Kiani et al., 2007",60390000.bmp,V,jar.n.01
inanimate\handmade\kitchen\kettle1.png,kettle1.png,HO,"Kiani et al., 2007",55830000.bmp,V,kettle.n.01
inanimate\handmade\kitchen\kettle2.png,kettle2.png,HO,"Kiani et al., 2007",55910000.bmp,V,kettle.n.01
inanimate\handmade\kitchen\muffin_pan1.png,muffin_pan1.png,HO,"Kiani et al., 2007",58720000.bmp,V,kitchen_utensil.n.01
inanimate\handmade\kitchen\mug1.png,mug1.png,HO,"Kiani et al., 2007",56490000.bmp,V,mug.n.01
inanimate\handmade\kitchen\mug2.png,mug2.png,HO,"Kiani et al., 2007",56460000.bmp,V,mug.n.01
inanimate\handmade\kitchen\mug3.png,mug3.png,HO,"Kiani et al., 2007",56500000.bmp,V,mug.n.01
inanimate\handmade\kitchen\mug4.png,mug4.png,HO,"Kiani et al., 2007",58700000.bmp,V,mug.n.01
inanimate\handmade\kitchen\pan1.png,pan1.png,HO,"Grootswagers et al., 2019",stim189_inanimate_tools_pan_1.png,V,pan.n.01
inanimate\handmade\kitchen\pan2.png,pan2.png,HO,"Grootswagers et al., 2019",stim190_inanimate_tools_pan_2.png,V,pan.n.01
inanimate\handmade\kitchen\pan3.png,pan3.png,HO,"Grootswagers et al., 2019",stim191_inanimate_tools_pan_3.png,V,pan.n.01
inanimate\handmade\kitchen\pan4.png,pan4.png,HO,"Grootswagers et al., 2019",stim192_inanimate_tools_pan_4.png,V,pan.n.01
inanimate\handmade\kitchen\pan5.png,pan5.png,HO,"Kiani et al., 2007",58690000.bmp,V,pan.n.01
inanimate\handmade\kitchen\pizza_knife1.png,pizza_knife1.png,HO,"Kiani et al., 2007",58730000.bmp,V,kitchen_utensil.n.01
inanimate\handmade\kitchen\pot1.png,pot1.png,HO,"Kiani et al., 2007",58660000.bmp,V,pot.n.01
inanimate\handmade\kitchen\pot2.png,pot2.png,HO,"Kiani et al., 2007",55890000.bmp,V,pot.n.01
inanimate\handmade\kitchen\pot3.png,pot3.png,HO,"Kiani et al., 2007",58600000.bmp,V,pot.n.01
inanimate\handmade\kitchen\rolling_pin1.png,rolling_pin1.png,HO,"Kiani et al., 2007",58750000.bmp,V,rolling_pin.n.01
inanimate\handmade\kitchen\rolling_pin2.png,rolling_pin2.png,HO,"Kiani et al., 2007",58740000.bmp,V,rolling_pin.n.01
inanimate\handmade\kitchen\vase1.png,vase1.png,HO,"Kiani et al., 2007",56700000.bmp,V,vase.n.01
inanimate\handmade\other\bedminton_racket1.png,bedminton_racket1.png,HO,"Kiani et al., 2007",56430000.bmp,V,badminton_racket.n.01
inanimate\handmade\other\bowling1.png,bowling1.png,HO,"Kiani et al., 2007",59530000.bmp,V,bowling.n.01
inanimate\handmade\other\chess1.png,chess1.png,HO,"Kiani et al., 2007",57720000.bmp,V,chess.n.01
inanimate\handmade\other\coral1.png,coral1.png,HO,"Kiani et al., 2007",57580000.bmp,V,coral.n.01
inanimate\handmade\other\coral2.png,coral2.png,HO,"Kiani et al., 2007",57590000.bmp,V,coral.n.01
inanimate\handmade\other\dart1.png,dart1.png,HO,"Kiani et al., 2007",57730000.bmp,V,dart.n.01
inanimate\handmade\other\die1.png,die1.png,HO,"Kiani et al., 2007",57740000.bmp,V,die.n.01
inanimate\handmade\other\drum1.png,drum1.png,HO,"Kiani et al., 2007",59190000.bmp,V,drum.n.01
inanimate\handmade\other\fishing_float1.png,fishing_float1.png,HO,"Kiani et al., 2007",57560000.bmp,V,bob.n.05
inanimate\handmade\other\fishing_hook1.png,fishing_hook1.png,HO,"Kiani et al., 2007",57600000.bmp,V,fishhook.n.01
inanimate\handmade\other\flag1.png,flag1.png,HO,"Kiani et al., 2007",55650000.bmp,V,flag.n.01
inanimate\handmade\other\flag2.png,flag2.png,HO,"Kiani et al., 2007",55660000.bmp,V,flag.n.01
inanimate\handmade\other\gun1.png,gun1.png,HO,"Kiani et al., 2007",56720000.bmp,V,gun.n.01
inanimate\handmade\other\harmonica1.png,harmonica1.png,HO,"Kiani et al., 2007",59810000.bmp,V,harmonica.n.01
inanimate\handmade\other\keyboard1.png,keyboard1.png,HO,"Kiani et al., 2007",56250000.bmp,V,keyboard.n.01
inanimate\handmade\other\keyboard2.png,keyboard2.png,HO,"Kiani et al., 2007",59850000.bmp,V,keyboard.n.01
inanimate\handmade\other\medal1.png,medal1.png,HO,"Kiani et al., 2007",55340000.bmp,V,decoration.n.02
inanimate\handmade\other\medal2.png,medal2.png,HO,"Kiani et al., 2007",55350000.bmp,V,decoration.n.02
inanimate\handmade\other\medal3.png,medal3.png,HO,"Kiani et al., 2007",57040000.bmp,V,decoration.n.02
inanimate\handmade\other\mineral1.png,mineral1.png,HO,"Kiani et al., 2007",59360000.bmp,V,mineral.n.01
inanimate\handmade\other\mineral2.png,mineral2.png,HO,"Kiani et al., 2007",59370000.bmp,V,mineral.n.01
inanimate\handmade\other\mineral3.png,mineral3.png,HO,"Kiani et al., 2007",59380000.bmp,V,mineral.n.01
inanimate\handmade\other\paint1.png,paint1.png,HO,"Kiani et al., 2007",57010000.bmp,V,paint.n.01
inanimate\handmade\other\ping_pong1.png,ping_pong1.png,HO,"Kiani et al., 2007",59540000.bmp,V,table_tennis.n.01
inanimate\handmade\other\seashell1.png,seashell1.png,HO,"Kiani et al., 2007",57550000.bmp,V,seashell.n.01
inanimate\handmade\other\seashell2.png,seashell2.png,HO,"Kiani et al., 2007",57610000.bmp,V,seashell.n.01
inanimate\handmade\tool\axe1.png,axe1.png,HO,"Kiani et al., 2007",59570000.bmp,V,ax.n.01
inanimate\handmade\tool\basket1.png,basket1.png,HO,"Kiani et al., 2007",57060000.bmp,V,basket.n.01
inanimate\handmade\tool\binoculars1.png,binoculars1.png,HO,"Kiani et al., 2007",55250000.bmp,V,binoculars.n.01
inanimate\handmade\tool\binoculars2.png,binoculars2.png,HO,"Kiani et al., 2007",55260000.bmp,V,binoculars.n.01
inanimate\handmade\tool\broom1.png,broom1.png,HO,"Kiani et al., 2007",56750000.bmp,V,broom.n.01
inanimate\handmade\tool\broom2.png,broom2.png,HO,"Grootswagers et al., 2019",stim181_inanimate_tools_broom_1.png,V,broom.n.01
inanimate\handmade\tool\broom3.png,broom3.png,HO,"Grootswagers et al., 2019",stim182_inanimate_tools_broom_2.png,V,broom.n.01
inanimate\handmade\tool\broom4.png,broom4.png,HO,"Grootswagers et al., 2019",stim183_inanimate_tools_broom_3.png,V,broom.n.01
inanimate\handmade\tool\broom5.png,broom5.png,HO,"Grootswagers et al., 2019",stim184_inanimate_tools_broom_4.png,V,broom.n.01
inanimate\handmade\tool\bucket1.png,bucket1.png,HO,"Kiani et al., 2007",56600000.bmp,V,bucket.n.01
inanimate\handmade\tool\clamp1.png,clamp1.png,HO,"Kiani et al., 2007",59620000.bmp,V,clamp.n.01
inanimate\handmade\tool\clamp2.png,clamp2.png,HO,"Kiani et al., 2007",59630000.bmp,V,clamp.n.01
inanimate\handmade\tool\clothespin1.png,clothespin1.png,HO,"Kiani et al., 2007",58060000.bmp,V,clothespin.n.01
inanimate\handmade\tool\drill1.png,drill1.png,HO,"Kiani et al., 2007",56560000.bmp,V,drill.n.01
inanimate\handmade\tool\fire_bellow1.png,fire_bellow1.png,HO,"Kiani et al., 2007",57930000.bmp,V,bellows.n.01
inanimate\handmade\tool\flashlight1.png,flashlight1.png,HO,"Kiani et al., 2007",56050000.bmp,V,flashlight.n.01
inanimate\handmade\tool\funnel1.png,funnel1.png,HO,"Kiani et al., 2007",55900000.bmp,V,funnel.n.01
inanimate\handmade\tool\funnel2.png,funnel2.png,HO,"Kiani et al., 2007",57830000.bmp,V,funnel.n.01
inanimate\handmade\tool\funnel3.png,funnel3.png,HO,"Kiani et al., 2007",57840000.bmp,V,funnel.n.01
inanimate\handmade\tool\funnel4.png,funnel4.png,HO,"Kiani et al., 2007",57850000.bmp,V,funnel.n.01
inanimate\handmade\tool\garden_fork1.png,garden_fork1.png,HO,"Kiani et al., 2007",57760000.bmp,V,pitchfork.n.01
inanimate\handmade\tool\garden_fork2.png,garden_fork2.png,HO,"Kiani et al., 2007",57810000.bmp,V,pitchfork.n.01
inanimate\handmade\tool\hammer1.png,hammer1.png,HO,"Kiani et al., 2007",55780000.bmp,V,hammer.n.01
inanimate\handmade\tool\hammer2.png,hammer2.png,HO,"Grootswagers et al., 2019",stim185_inanimate_tools_hammer_1.png,V,hammer.n.01
inanimate\handmade\tool\hammer3.png,hammer3.png,HO,"Grootswagers et al., 2019",stim186_inanimate_tools_hammer_2.png,V,hammer.n.01
inanimate\handmade\tool\hammer4.png,hammer4.png,HO,"Grootswagers et al., 2019",stim187_inanimate_tools_hammer_3.png,V,hammer.n.01
inanimate\handmade\tool\hammer5.png,hammer5.png,HO,"Grootswagers et al., 2019",stim188_inanimate_tools_hammer_4.png,V,hammer.n.01
inanimate\handmade\tool\hammer6.png,hammer6.png,HO,"Kiani et al., 2007",57920000.bmp,V,hammer.n.01
inanimate\handmade\tool\hose1.png,hose1.png,HO,"Kiani et al., 2007",57770000.bmp,V,hose.n.03
inanimate\handmade\tool\ink_pad1.png,ink_pad1.png,HO,"Kiani et al., 2007",57160000.bmp,V,pad.n.03
inanimate\handmade\tool\ink_pad2.png,ink_pad2.png,HO,"Kiani et al., 2007",57170000.bmp,V,pad.n.03
inanimate\handmade\tool\key1.png,key1.png,HO,"Kiani et al., 2007",56100000.bmp,V,key.n.01
inanimate\handmade\tool\key2.png,key2.png,HO,"Kiani et al., 2007",58940000.bmp,V,key.n.01
inanimate\handmade\tool\knife1.png,knife1.png,HO,"Kiani et al., 2007",56730000.bmp,V,knife.n.01
inanimate\handmade\tool\lightbulb1.png,lightbulb1.png,HO,"Kiani et al., 2007",56070000.bmp,V,light_bulb.n.01
inanimate\handmade\tool\lightbulb2.png,lightbulb2.png,HO,"Kiani et al., 2007",58800000.bmp,V,light_bulb.n.01
inanimate\handmade\tool\lightbulb3.png,lightbulb3.png,HO,"Kiani et al., 2007",58890000.bmp,V,light_bulb.n.01
inanimate\handmade\tool\lock1.png,lock1.png,HO,"Kiani et al., 2007",56110000.bmp,V,lock.n.01
inanimate\handmade\tool\lock2.png,lock2.png,HO,"Kiani et al., 2007",58930000.bmp,V,lock.n.01
inanimate\handmade\tool\pliers1.png,pliers1.png,HO,"Kiani et al., 2007",56580000.bmp,V,pliers.n.01
inanimate\handmade\tool\rake1.png,rake1.png,HO,"Kiani et al., 2007",55730000.bmp,V,rake.n.01
inanimate\handmade\tool\rake2.png,rake2.png,HO,"Kiani et al., 2007",57750000.bmp,V,rake.n.01
inanimate\handmade\tool\scissors1.png,scissors1.png,HO,"Grootswagers et al., 2019",stim193_inanimate_tools_scissors_1.png,V,scissors.n.01
inanimate\handmade\tool\scissors2.png,scissors2.png,HO,"Grootswagers et al., 2019",stim194_inanimate_tools_scissors_2.png,V,scissors.n.01
inanimate\handmade\tool\scissors3.png,scissors3.png,HO,"Grootswagers et al., 2019",stim195_inanimate_tools_scissors_3.png,V,scissors.n.01
inanimate\handmade\tool\scissors4.png,scissors4.png,HO,online source,https://freepngimg.com/png/1862-scissors-png-image,V,scissors.n.01
inanimate\handmade\tool\screw1.png,screw1.png,HO,"Kiani et al., 2007",55760000.bmp,V,screw.n.04
inanimate\handmade\tool\screw2.png,screw2.png,HO,"Kiani et al., 2007",59670000.bmp,V,screw.n.04
inanimate\handmade\tool\screw3.png,screw3.png,HO,"Kiani et al., 2007",57900000.bmp,V,screw.n.04
inanimate\handmade\tool\screw4.png,screw4.png,HO,"Kiani et al., 2007",58050000.bmp,V,screw.n.04
inanimate\handmade\tool\shovel1.png,shovel1.png,HO,"Kiani et al., 2007",57820000.bmp,V,shovel.n.01
inanimate\handmade\tool\speed_square1.png,speed_square1.png,HO,"Kiani et al., 2007",60240000.bmp,V,tool.n.01
inanimate\handmade\tool\sprayer1.png,sprayer1.png,HO,"Kiani et al., 2007",57780000.bmp,V,sprayer.n.01
inanimate\handmade\tool\squeegee1.png,squeegee1.png,HO,"Kiani et al., 2007",60270000.bmp,V,squeegee.n.01
inanimate\handmade\tool\staple_remover1.png,staple_remover1.png,HO,"Kiani et al., 2007",57180000.bmp,V,tool.n.01
inanimate\handmade\tool\tape1.png,tape1.png,HO,"Kiani et al., 2007",57190000.bmp,V,tape.n.01
inanimate\handmade\tool\wheel1.png,wheel1.png,HO,"Kiani et al., 2007",59970000.bmp,V,wheel.n.01
inanimate\handmade\tool\wheel2.png,wheel2.png,HO,"Kiani et al., 2007",55290000.bmp,V,wheel.n.01
inanimate\handmade\tool\wheel3.png,wheel3.png,HO,"Kiani et al., 2007",59000000.bmp,V,wheel.n.01
inanimate\handmade\tool\wheel4.png,wheel4.png,HO,"Kiani et al., 2007",60030000.bmp,V,wheel.n.01
inanimate\handmade\tool\wrench1.png,wrench1.png,HO,"Grootswagers et al., 2019",stim197_inanimate_tools_wrench_1.png,V,wrench.n.01
inanimate\handmade\tool\wrench2.png,wrench2.png,HO,"Grootswagers et al., 2019",stim198_inanimate_tools_wrench_2.png,V,wrench.n.01
inanimate\handmade\tool\wrench3.png,wrench3.png,HO,"Grootswagers et al., 2019",stim199_inanimate_tools_wrench_3.png,V,wrench.n.01
inanimate\handmade\tool\wrench4.png,wrench4.png,HO,"Grootswagers et al., 2019",stim200_inanimate_tools_wrench_4.png,V,wrench.n.01
inanimate\handmade\vehicle\boat1.png,boat1.png,HO,"Grootswagers et al., 2019",stim201_targets_object_boats_1.png,V,boat.n.01
inanimate\handmade\vehicle\boat2.png,boat2.png,HO,"Grootswagers et al., 2019",stim202_targets_object_boats_2.png,V,boat.n.01
inanimate\handmade\vehicle\boat3.png,boat3.png,HO,"Grootswagers et al., 2019",stim203_targets_object_boats_3.png,V,boat.n.01
inanimate\handmade\vehicle\boat4.png,boat4.png,HO,"Grootswagers et al., 2019",stim206_targets_object_boats_2.png,V,boat.n.01
inanimate\handmade\vehicle\boat5.png,boat5.png,HO,"Grootswagers et al., 2019",stim204_targets_object_boats_4.png,V,boat.n.01
inanimate\handmade\vehicle\car\ambulance1.png,ambulance1.png,HO,"Kiani et al., 2007",65810000.bmp,V,ambulance.n.01
inanimate\handmade\vehicle\car\blue1.png,blue1.png,HO,"Kiani et al., 2007",55450000.bmp,V,car.n.01
inanimate\handmade\vehicle\car\blue2.png,blue2.png,HO,"Kiani et al., 2007",55460000.bmp,V,car.n.01
inanimate\handmade\vehicle\car\blue3.png,blue3.png,HO,"Kiani et al., 2007",65830000.bmp,V,car.n.01
inanimate\handmade\vehicle\car\blue4.png,blue4.png,HO,"Kiani et al., 2007",65800000.bmp,V,car.n.01
inanimate\handmade\vehicle\car\blue5.png,blue5.png,HO,"Kiani et al., 2007",65870000.bmp,V,car.n.01
inanimate\handmade\vehicle\car\dark1.png,dark1.png,HO,"Kiani et al., 2007",65790000.bmp,V,car.n.01
inanimate\handmade\vehicle\car\dark2.png,dark2.png,HO,"Kiani et al., 2007",65820000.bmp,V,car.n.01
inanimate\handmade\vehicle\car\dark3.png,dark3.png,HO,"Kiani et al., 2007",65840000.bmp,V,car.n.01
inanimate\handmade\vehicle\car\green1.png,green1.png,HO,"Kiani et al., 2007",65910000.bmp,V,car.n.01
inanimate\handmade\vehicle\car\light1.png,light1.png,HO,"Kiani et al., 2007",65780000.bmp,V,car.n.01
inanimate\handmade\vehicle\car\light2.png,light2.png,HO,"Kiani et al., 2007",59890000.bmp,V,car.n.01
inanimate\handmade\vehicle\car\light3.png,light3.png,HO,"Kiani et al., 2007",65930000.bmp,V,car.n.01
inanimate\handmade\vehicle\car\pink1.png,pink1.png,HO,"Kiani et al., 2007",65900000.bmp,V,car.n.01
inanimate\handmade\vehicle\car\police1.png,police1.png,HO,"Kiani et al., 2007",55430000.bmp,V,police_car.n.01
inanimate\handmade\vehicle\car\police2.png,police2.png,HO,"Kiani et al., 2007",65890000.bmp,V,police_car.n.01
inanimate\handmade\vehicle\car\red1.png,red1.png,HO,"Kiani et al., 2007",56710000.bmp,V,car.n.01
inanimate\handmade\vehicle\car\red2.png,red2.png,HO,"Kiani et al., 2007",65850000.bmp,V,car.n.01
inanimate\handmade\vehicle\car\red3.png,red3.png,HO,"Kiani et al., 2007",55440000.bmp,V,car.n.01
inanimate\handmade\vehicle\car\red4.png,red4.png,HO,"Kiani et al., 2007",65860000.bmp,V,car.n.01
inanimate\handmade\vehicle\fighter_jet1.png,fighter_jet1.png,HO,"Kiani et al., 2007",56150000.bmp,V,jet.n.01
inanimate\handmade\vehicle\plane1.png,plane1.png,HO,"Kiani et al., 2007",56170000.bmp,V,airplane.n.01
inanimate\handmade\vehicle\plane2.png,plane2.png,HO,"Kiani et al., 2007",55360000.bmp,V,airplane.n.01
inanimate\handmade\vehicle\sailing_ship1.png,sailing_ship1.png,HO,"Grootswagers et al., 2019",stim205_targets_object_boats_1.png,V,sailing_vessel.n.01
inanimate\handmade\vehicle\sailing_ship2.png,sailing_ship2.png,HO,"Grootswagers et al., 2019",stim207_targets_object_boats_3.png,V,sailing_vessel.n.01
inanimate\natural\flower\blue\blue_pimpernel1.png,blue_pimpernel1.png,NO,HUJI Flowers,Marganit.bmp,V,blue_pimpernel.n.01
inanimate\natural\flower\blue\chicory1.png,chicory1.png,NO,HUJI Flowers,Olesh.bmp,V,chicory.n.01
inanimate\natural\flower\blue\flower1.png,flower1.png,NO,HUJI Flowers,Yakinton.bmp,V,flower.n.01
inanimate\natural\flower\pink-purple\bee_orchid1.png,bee_orchid1.png,NO,HUJI Flowers,Dvoranit.bmp,V,bee_orchid.n.01
inanimate\natural\flower\pink-purple\bellflower1.png,bellflower1.png,NO,HUJI Flowers,Paamonit.bmp,V,campanula.n.01
inanimate\natural\flower\pink-purple\camellia1.png,camellia1.png,NO,HUJI Flowers,Kamelia.bmp,V,camellia.n.01
inanimate\natural\flower\pink-purple\clematis1.png,clematis1.png,NO,"Kiani et al., 2007",05000000.bmp,V,clematis.n.01
inanimate\natural\flower\pink-purple\clematis2.png,clematis2.png,NO,"Kiani et al., 2007",05130000.bmp,V,clematis.n.01
inanimate\natural\flower\pink-purple\hibiscus1.png,hibiscus1.png,NO,HUJI Flowers,Hotmit.bmp,V,hibiscus.n.01
inanimate\natural\flower\pink-purple\iris1.png,iris1.png,NO,HUJI Flowers,Irus.bmp,V,iris.n.01
inanimate\natural\flower\pink-purple\lotus1.png,lotus1.png,NO,"Kiani et al., 2007",66150000.bmp,V,lotus.n.01
inanimate\natural\flower\pink-purple\milk_thistle1.png,milk_thistle1.png,NO,HUJI Flowers,Gdilan.bmp,V,sow_thistle.n.01
inanimate\natural\flower\pink-purple\moth_orchid1.png,moth_orchid1.png,NO,HUJI Flowers,Orchid.bmp,V,moth_orchid.n.01
inanimate\natural\flower\pink-purple\orchid1.png,orchid1.png,NO,HUJI Flowers,Harduf.bmp,V,orchid.n.01
inanimate\natural\flower\pink-purple\pea1.png,pea1.png,NO,HUJI Flowers,AfonNamuh.bmp,V,pea.n.01
inanimate\natural\flower\pink-purple\petunia1.png,petunia1.png,NO,"Kiani et al., 2007",66200000.bmp,V,petunia.n.01
inanimate\natural\flower\pink-purple\petunia2.png,petunia2.png,NO,HUJI Flowers,Petunia.bmp,V,petunia.n.01
inanimate\natural\flower\pink-purple\snapdragon1.png,snapdragon1.png,NO,HUJI Flowers,Loahaari.bmp,V,snapdragon.n.01
inanimate\natural\flower\pink-purple\tulip1.png,tulip1.png,NO,"Grootswagers et al., 2019",stim178_inanimate_plants_tulip_2.png,V,tulip.n.01
inanimate\natural\flower\pink-purple\tulip2.png,tulip2.png,NO,"Grootswagers et al., 2019",stim180_inanimate_plants_tulip_4.png,V,tulip.n.01
inanimate\natural\flower\pink-purple\violet1.png,violet1.png,NO,HUJI Flowers,Sigalit.bmp,V,violet.n.01
inanimate\natural\flower\red\amaryllis1.png,amaryllis1.png,NO,"Kiani et al., 2007",66120000.bmp,V,amaryllis.n.01
inanimate\natural\flower\red\geranium1.png,geranium1.png,NO,HUJI Flowers,Geranium.bmp,V,geranium.n.01
inanimate\natural\flower\red\hibiscus1.png,hibiscus1.png,NO,HUJI Flowers,Hibiskus.bmp,V,hibiscus.n.01
inanimate\natural\flower\red\hibiscus2.png,hibiscus2.png,NO,HUJI Flowers,Kovahanazir2.bmp,V,hibiscus.n.01
inanimate\natural\flower\red\marigold1.png,marigold1.png,NO,HUJI Flowers,Kalanit.bmp,V,marigold.n.01
inanimate\natural\flower\red\marigold2.png,marigold2.png,NO,HUJI Flowers,ZiporneiHatul.bmp,V,marigold.n.01
inanimate\natural\flower\red\neoregelia1.png,neoregelia1.png,NO,"Kiani et al., 2007",05170000.bmp,V,flower.n.01
inanimate\natural\flower\red\poppy1.png,poppy1.png,NO,HUJI Flowers,Nurit1.bmp,V,poppy.n.01
inanimate\natural\flower\red\poppy2.png,poppy2.png,NO,HUJI Flowers,Pereg.bmp,V,poppy.n.01
inanimate\natural\flower\red\rose1.png,rose1.png,NO,"Kiani et al., 2007",66210000.bmp,V,rose.n.01
inanimate\natural\flower\red\rose2.png,rose2.png,NO,"Kiani et al., 2007",66220000.bmp,V,rose.n.01
inanimate\natural\flower\red\rose3.png,rose3.png,NO,HUJI Flowers,Vered.bmp,V,rose.n.01
inanimate\natural\flower\red\tulip1.png,tulip1.png,NO,"Kiani et al., 2007",05020000.bmp,V,tulip.n.01
inanimate\natural\flower\red\tulip2.png,tulip2.png,NO,"Grootswagers et al., 2019",stim179_inanimate_plants_tulip_3.png,V,tulip.n.01
inanimate\natural\flower\white\calla_lily1.png,calla_lily1.png,NO,HUJI Flowers,Kala.bmp,V,calla_lily.n.01
inanimate\natural\flower\white\carnation1.png,carnation1.png,NO,HUJI Flowers,Ziporen.bmp,V,carnation.n.01
inanimate\natural\flower\white\cyclamen1.png,cyclamen1.png,NO,HUJI Flowers,Rakefet.bmp,V,cyclamen.n.01
inanimate\natural\flower\white\daisy1.png,daisy1.png,NO,"Kiani et al., 2007",66250000.bmp,V,daisy.n.01
inanimate\natural\flower\white\daisy2.png,daisy2.png,NO,HUJI Flowers,Kahvan.bmp,V,daisy.n.01
inanimate\natural\flower\white\lily1.png,lily1.png,NO,HUJI Flowers,Shoshan.bmp,V,lily.n.01
inanimate\natural\flower\white\lily2.png,lily2.png,NO,"Kiani et al., 2007",66160000.bmp,V,lily.n.01
inanimate\natural\flower\white\lotus1.png,lotus1.png,NO,"Kiani et al., 2007",66240000.bmp,V,lotus.n.01
inanimate\natural\flower\white\lotus2.png,lotus2.png,NO,HUJI Flowers,Nimphaea.bmp,V,lotus.n.01
inanimate\natural\flower\white\morning_glory1.png,morning_glory1.png,NO,HUJI Flowers,Havalbal.bmp,V,morning_glory.n.01
inanimate\natural\flower\white\moth_orcid1.png,moth_orcid1.png,NO,HUJI Flowers,Sahlav.bmp,V,orchid.n.01
inanimate\natural\flower\white\plum1.png,plum1.png,NO,HUJI Flowers,Shkedia.bmp,V,plum.n.01
inanimate\natural\flower\white\rhodiola_rosea1.png,rhodiola_rosea1.png,NO,HUJI Flowers,Shum.bmp,V,flower.n.01
inanimate\natural\flower\white\star_of_bethlehem1.png,star_of_bethlehem1.png,NO,HUJI Flowers,Nezhalav.bmp,V,flower.n.01
inanimate\natural\flower\white\tulip1.png,tulip1.png,NO,"Grootswagers et al., 2019",stim177_inanimate_plants_tulip_1.png,V,tulip.n.01
inanimate\natural\flower\white\white_clover1.png,white_clover1.png,NO,HUJI Flowers,Tiltan.bmp,V,white_clover.n.01
inanimate\natural\flower\yellow\daffodil1.png,daffodil1.png,NO,HUJI Flowers,Narkis.bmp,V,daffodil.n.01
inanimate\natural\flower\yellow\daisy1.png,daisy1.png,NO,HUJI Flowers,Savion.bmp,V,daisy.n.01
inanimate\natural\flower\yellow\daisy2.png,daisy2.png,NO,"Kiani et al., 2007",66190000.bmp,V,daisy.n.01
inanimate\natural\flower\yellow\daisy3.png,daisy3.png,NO,HUJI Flowers,Harzit.bmp,V,daisy.n.01
inanimate\natural\flower\yellow\evening_primrose1.png,evening_primrose1.png,NO,HUJI Flowers,Nerhalaila.bmp,V,evening_primrose.n.01
inanimate\natural\flower\yellow\lily1.png,lily1.png,NO,"Kiani et al., 2007",05150000.bmp,V,lily.n.01
inanimate\natural\flower\yellow\lily2.png,lily2.png,NO,"Kiani et al., 2007",66130000.bmp,V,lily.n.01
inanimate\natural\flower\yellow\nasturtium1.png,nasturtium1.png,NO,HUJI Flowers,Kovahanazir1.bmp,V,nasturtium.n.01
inanimate\natural\flower\yellow\popsy1.png,popsy1.png,NO,HUJI Flowers,AmnonveTamar.bmp,V,flower.n.01
inanimate\natural\flower\yellow\sunflower1.png,sunflower1.png,NO,"Kiani et al., 2007",05010000.bmp,V,sunflower.n.01
inanimate\natural\flower\yellow\sunflower2.png,sunflower2.png,NO,"Kiani et al., 2007",66180000.bmp,V,sunflower.n.01
inanimate\natural\flower\yellow\sunflower3.png,sunflower3.png,NO,"Grootswagers et al., 2019",stim172_inanimate_plants_sunflower_4.png,V,sunflower.n.01
inanimate\natural\flower\yellow\sunflower4.png,sunflower4.png,NO,"Kiani et al., 2007",66230000.bmp,V,sunflower.n.01
inanimate\natural\flower\yellow\sunflower5.png,sunflower5.png,NO,"Grootswagers et al., 2019",stim169_inanimate_plants_sunflower_1.png,V,sunflower.n.01
inanimate\natural\flower\yellow\sunflower6.png,sunflower6.png,NO,"Grootswagers et al., 2019",stim170_inanimate_plants_sunflower_2.png,V,sunflower.n.01
inanimate\natural\flower\yellow\sunflower7.png,sunflower7.png,NO,"Grootswagers et al., 2019",stim171_inanimate_plants_sunflower_3.png,V,sunflower.n.01
inanimate\natural\flower\yellow\sunflower8.png,sunflower8.png,NO,"Kiani et al., 2007",66140000.bmp,V,sunflower.n.01
inanimate\natural\flower\yellow\sunflower9.png,sunflower9.png,NO,HUJI Flowers,Hamania.bmp,V,sunflower.n.01
inanimate\natural\flower\yellow\water_lily1.png,water_lily1.png,NO,HUJI Flowers,Nofar.bmp,V,water_lily.n.01
inanimate\natural\flower\yellow\woodsorrel1.png,woodsorrel1.png,NO,HUJI Flowers,Hamziz.bmp,V,oxalis.n.01
inanimate\natural\food\ananas1.png,ananas1.png,NO,"Grootswagers et al., 2019",stim133_inanimate_fruits_pineapple_1.png,V,ananas.n.01
inanimate\natural\food\ananas2.png,ananas2.png,NO,"Grootswagers et al., 2019",stim134_inanimate_fruits_pineapple_2.png,V,ananas.n.01
inanimate\natural\food\ananas3.png,ananas3.png,NO,"Grootswagers et al., 2019",stim136_inanimate_fruits_pineapple_4.png,V,ananas.n.01
inanimate\natural\food\apple1.png,apple1.png,NO,"Kiani et al., 2007",10020000.bmp,V,apple.n.01
inanimate\natural\food\apple2.png,apple2.png,NO,"Kiani et al., 2007",10030000.bmp,V,apple.n.01
inanimate\natural\food\apple3.png,apple3.png,NO,"Kiani et al., 2007",10420000.bmp,V,apple.n.01
inanimate\natural\food\apple4.png,apple4.png,NO,"Kiani et al., 2007",10210000.bmp,V,apple.n.01
inanimate\natural\food\apple5.png,apple5.png,NO,"Grootswagers et al., 2019",stim121_inanimate_fruits_apple_1.png,V,apple.n.01
inanimate\natural\food\apple6.png,apple6.png,NO,"Grootswagers et al., 2019",stim123_inanimate_fruits_apple_3.png,V,apple.n.01
inanimate\natural\food\apple7.png,apple7.png,NO,"Grootswagers et al., 2019",stim124_inanimate_fruits_apple_4.png,V,apple.n.01
inanimate\natural\food\banana1.png,banana1.png,NO,"Grootswagers et al., 2019",stim125_inanimate_fruits_banana_1.png,V,banana.n.01
inanimate\natural\food\banana2.png,banana2.png,NO,"Kiani et al., 2007",10040000.bmp,V,banana.n.01
inanimate\natural\food\banana3.png,banana3.png,NO,"Grootswagers et al., 2019",stim126_inanimate_fruits_banana_2.png,V,banana.n.01
inanimate\natural\food\banana4.png,banana4.png,NO,"Grootswagers et al., 2019",stim127_inanimate_fruits_banana_3.png,V,banana.n.01
inanimate\natural\food\banana5.png,banana5.png,NO,"Grootswagers et al., 2019",stim128_inanimate_fruits_banana_4.png,V,banana.n.01
inanimate\natural\food\beet1.png,beet1.png,NO,"Kiani et al., 2007",10470000.bmp,V,beet.n.01
inanimate\natural\food\carrot1.png,carrot1.png,NO,"Kiani et al., 2007",10130000.bmp,V,carrot.n.01
inanimate\natural\food\cherry1.png,cherry1.png,NO,"Kiani et al., 2007",10240000.bmp,V,cherry.n.01
inanimate\natural\food\corn1.png,corn1.png,NO,"Kiani et al., 2007",10110000.bmp,V,corn.n.01
inanimate\natural\food\corn2.png,corn2.png,NO,"Kiani et al., 2007",10140000.bmp,V,corn.n.01
inanimate\natural\food\eggplant1.png,eggplant1.png,NO,"Kiani et al., 2007",10330000.bmp,V,eggplant.n.01
inanimate\natural\food\garlic1.png,garlic1.png,NO,"Kiani et al., 2007",10350000.bmp,V,garlic.n.01
inanimate\natural\food\grape1.png,grape1.png,NO,"Grootswagers et al., 2019",stim130_inanimate_fruits_grape_2.png,V,grape.n.01
inanimate\natural\food\grape2.png,grape2.png,NO,"Kiani et al., 2007",10250000.bmp,V,grape.n.01
inanimate\natural\food\grape3.png,grape3.png,NO,"Grootswagers et al., 2019",stim129_inanimate_fruits_grape_1.png,V,grape.n.01
inanimate\natural\food\grape4.png,grape4.png,NO,"Grootswagers et al., 2019",stim131_inanimate_fruits_grape_3.png,V,grape.n.01
inanimate\natural\food\grape5.png,grape5.png,NO,"Grootswagers et al., 2019",stim132_inanimate_fruits_grape_4.png,V,grape.n.01
inanimate\natural\food\jackberry1.png,jackberry1.png,NO,HUJI Flowers,Damhamakabim.bmp,V,produce.n.01
inanimate\natural\food\kiwi1.png,kiwi1.png,NO,"Kiani et al., 2007",10260000.bmp,V,chinese_gooseberry.n.01
inanimate\natural\food\leek1.png,leek1.png,NO,"Kiani et al., 2007",10360000.bmp,V,leek.n.01
inanimate\natural\food\lemon1.png,lemon1.png,NO,"Kiani et al., 2007",10490000.bmp,V,lemon.n.01
inanimate\natural\food\lemon2.png,lemon2.png,NO,"Kiani et al., 2007",10270000.bmp,V,lemon.n.01
inanimate\natural\food\lettuce1.png,lettuce1.png,NO,"Kiani et al., 2007",10150000.bmp,V,lettuce.n.02
inanimate\natural\food\melon1.png,melon1.png,NO,"Kiani et al., 2007",10390000.bmp,V,melon.n.01
inanimate\natural\food\mushroom1.png,mushroom1.png,NO,"Kiani et al., 2007",10090000.bmp,V,mushroom.n.01
inanimate\natural\food\onion1.png,onion1.png,NO,"Kiani et al., 2007",10170000.bmp,V,onion.n.01
inanimate\natural\food\onion2.png,onion2.png,NO,"Kiani et al., 2007",10400000.bmp,V,onion.n.01
inanimate\natural\food\onion3.png,onion3.png,NO,"Kiani et al., 2007",10450000.bmp,V,onion.n.01
inanimate\natural\food\pea_stock1.png,pea_stock1.png,NO,"Kiani et al., 2007",10100000.bmp,V,pea.n.01
inanimate\natural\food\pear1.png,pear1.png,NO,"Kiani et al., 2007",10230000.bmp,V,pear.n.01
inanimate\natural\food\pepper_green1.png,pepper_green1.png,NO,"Kiani et al., 2007",10440000.bmp,V,capsicum.n.02
inanimate\natural\food\pepper_hot1.png,pepper_hot1.png,NO,"Kiani et al., 2007",10010000.bmp,V,capsicum.n.02
inanimate\natural\food\pepper_red1.png,pepper_red1.png,NO,"Kiani et al., 2007",10370000.bmp,V,capsicum.n.02
inanimate\natural\food\pineapple1.png,pineapple1.png,NO,"Grootswagers et al., 2019",stim135_inanimate_fruits_pineapple_3.png,V,pineapple.n.01
inanimate\natural\food\pineapple2.png,pineapple2.png,NO,"Kiani et al., 2007",10050000.bmp,V,pineapple.n.01
inanimate\natural\food\pomegranate1.png,pomegranate1.png,NO,"Kiani et al., 2007",10290000.bmp,V,pomegranate.n.01
inanimate\natural\food\pomegranate2.png,pomegranate2.png,NO,"Kiani et al., 2007",10480000.bmp,V,pomegranate.n.01
inanimate\natural\food\potato1.png,potato1.png,NO,"Kiani et al., 2007",10380000.bmp,V,potato.n.01
inanimate\natural\food\radish1.png,radish1.png,NO,"Kiani et al., 2007",10160000.bmp,V,radish.n.01
inanimate\natural\food\squash1.png,squash1.png,NO,"Kiani et al., 2007",10460000.bmp,V,squash.n.01
inanimate\natural\food\strawberry1.png,strawberry1.png,NO,"Grootswagers et al., 2019",stim140_inanimate_fruits_strawberry_4.png,V,strawberry.n.01
inanimate\natural\food\strawberry2.png,strawberry2.png,NO,"Kiani et al., 2007",10310000.bmp,V,strawberry.n.01
inanimate\natural\food\strawberry3.png,strawberry3.png,NO,"Grootswagers et al., 2019",stim137_inanimate_fruits_strawberry_1.png,V,strawberry.n.01
inanimate\natural\food\strawberry4.png,strawberry4.png,NO,"Grootswagers et al., 2019",stim139_inanimate_fruits_strawberry_3.png,V,strawberry.n.01
inanimate\natural\food\tomato1.png,tomato1.png,NO,"Kiani et al., 2007",10080000.bmp,V,tomato.n.01
inanimate\natural\food\tomato2.png,tomato2.png,NO,"Kiani et al., 2007",10180000.bmp,V,tomato.n.01
inanimate\natural\food\tomato3.png,tomato3.png,NO,"Kiani et al., 2007",10300000.bmp,V,tomato.n.01
inanimate\natural\food\watermelon1.png,watermelon1.png,NO,"Kiani et al., 2007",10430000.bmp,V,watermelon.n.01
inanimate\natural\food\watermelon2.png,watermelon2.png,NO,"Kiani et al., 2007",10340000.bmp,V,watermelon.n.01
inanimate\natural\food\zucchini1.png,zucchini1.png,NO,"Kiani et al., 2007",10410000.bmp,V,zucchini.n.01
inanimate\natural\other\bush1.png,bush1.png,NO,"Grootswagers et al., 2019",stim161_inanimate_plants_bush_1.png,V,shrub.n.01
inanimate\natural\other\bush2.png,bush2.png,NO,"Grootswagers et al., 2019",stim162_inanimate_plants_bush_2.png,V,shrub.n.01
inanimate\natural\other\bush3.png,bush3.png,NO,"Grootswagers et al., 2019",stim163_inanimate_plants_bush_3.png,V,shrub.n.01
inanimate\natural\other\bush4.png,bush4.png,NO,"Grootswagers et al., 2019",stim164_inanimate_plants_bush_4.png,V,shrub.n.01
inanimate\natural\other\leaf1.png,leaf1.png,NO,"Kiani et al., 2007",05050000.bmp,V,leaf.n.01
inanimate\natural\other\leaf2.png,leaf2.png,NO,"Kiani et al., 2007",05040000.bmp,V,leaf.n.01
inanimate\natural\other\leaf3.png,leaf3.png,NO,"Kiani et al., 2007",05080000.bmp,V,leaf.n.01
inanimate\natural\other\leaf4.png,leaf4.png,NO,"Kiani et al., 2007",05090000.bmp,V,leaf.n.01
inanimate\natural\other\pinecone1.png,pinecone1.png,NO,"Kiani et al., 2007",05110000.bmp,V,pinecone.n.01
inanimate\natural\other\red_leaf1.png,red_leaf1.png,NO,"Kiani et al., 2007",05060000.bmp,V,leaf.n.01
inanimate\natural\other\red_leaf2.png,red_leaf2.png,NO,"Kiani et al., 2007",05070000.bmp,V,leaf.n.01
inanimate\natural\other\red_leaf3.png,red_leaf3.png,NO,"Kiani et al., 2007",05220000.bmp,V,leaf.n.01
inanimate\natural\other\sabra1.png,sabra1.png,NO,"Kiani et al., 2007",05180000.bmp,V,prickly_pear.n.01
inanimate\natural\other\sabra2.png,sabra2.png,NO,"Kiani et al., 2007",05280000.bmp,V,prickly_pear.n.01
inanimate\natural\other\sabra3.png,sabra3.png,NO,"Grootswagers et al., 2019",stim168_inanimate_plants_cactus_4.png,V,prickly_pear.n.01
inanimate\natural\other\sabra4.png,sabra4.png,NO,"Grootswagers et al., 2019",stim165_inanimate_plants_cactus_1.png,V,prickly_pear.n.01
inanimate\natural\other\sabra5.png,sabra5.png,NO,"Grootswagers et al., 2019",stim166_inanimate_plants_cactus_2.png,V,prickly_pear.n.01
inanimate\natural\other\sabra6.png,sabra6.png,NO,"Grootswagers et al., 2019",stim167_inanimate_plants_cactus_3.png,V,prickly_pear.n.01
inanimate\natural\other\tree1.png,tree1.png,NO,"Kiani et al., 2007",05230000.bmp,V,tree.n.01
inanimate\natural\other\tree10.png,tree10.png,NO,"Grootswagers et al., 2019",stim174_inanimate_plants_tree_2.png,V,tree.n.01
inanimate\natural\other\tree11.png,tree11.png,NO,"Grootswagers et al., 2019",stim176_inanimate_plants_tree_4.png,V,tree.n.01
inanimate\natural\other\tree2.png,tree2.png,NO,"Kiani et al., 2007",05100000.bmp,V,tree.n.01
inanimate\natural\other\tree3.png,tree3.png,NO,"Kiani et al., 2007",05120000.bmp,V,tree.n.01
inanimate\natural\other\tree4.png,tree4.png,NO,"Kiani et al., 2007",05210000.bmp,V,tree.n.01
inanimate\natural\other\tree5.png,tree5.png,NO,"Kiani et al., 2007",05300000.bmp,V,tree.n.01
inanimate\natural\other\tree6.png,tree6.png,NO,"Kiani et al., 2007",05310000.bmp,V,tree.n.01
inanimate\natural\other\tree7.png,tree7.png,NO,"Kiani et al., 2007",05320000.bmp,V,tree.n.01
inanimate\natural\other\tree8.png,tree8.png,NO,"Grootswagers et al., 2019",stim175_inanimate_plants_tree_3.png,V,tree.n.01
inanimate\natural\other\tree9.png,tree9.png,NO,"Grootswagers et al., 2019",stim173_inanimate_plants_tree_1.png,V,tree.n.01
