num_subjects,trials_per_subject,images_per_trial,subjects_noise_scale,subjects_noise_df,frac_trials_repeated,perspective_dispersion,rep,ndim,niter,stress,status,confdist_row
30,10,20,0.5,1,0.0,0.0,0,2,50.0,0.9821453094482422,success,0
30,10,20,0.5,1,0.0,0.0,0,3,50.0,0.8690881133079529,success,1
30,10,20,0.5,1,0.0,0.0,0,4,50.0,0.8974469304084778,success,2
30,10,20,0.5,1,0.0,0.0,0,5,50.0,0.9025889039039612,success,3
30,10,20,0.5,1,0.0,0.0,0,6,50.0,0.8746392130851746,success,4
30,10,20,0.5,1,0.0,0.0,1,2,50.0,0.9066352248191833,success,5
30,10,20,0.5,1,0.0,0.0,1,3,50.0,0.858717143535614,success,6
30,10,20,0.5,1,0.0,0.0,1,4,50.0,0.9016326069831848,success,7
30,10,20,0.5,1,0.0,0.0,1,5,50.0,0.9508600234985352,success,8
30,10,20,0.5,1,0.0,0.0,1,6,50.0,0.96021568775177,success,9
30,10,20,0.5,1,0.0,0.0,2,2,50.0,0.9611819386482239,success,10
30,10,20,0.5,1,0.0,0.0,2,3,50.0,1.009793996810913,success,11
30,10,20,0.5,1,0.0,0.0,2,4,50.0,0.9667354822158813,success,12
30,10,20,0.5,1,0.0,0.0,2,5,50.0,0.9794602990150452,success,13
30,10,20,0.5,1,0.0,0.0,2,6,50.0,1.0106074810028076,success,14
30,10,20,0.5,1,0.0,0.25,0,2,50.0,0.4955778121948242,success,15
30,10,20,0.5,1,0.0,0.25,0,3,50.0,0.4179728627204895,success,16
30,10,20,0.5,1,0.0,0.25,0,4,50.0,0.38027721643447876,success,17
30,10,20,0.5,1,0.0,0.25,0,5,50.0,0.4219996929168701,success,18
30,10,20,0.5,1,0.0,0.25,0,6,50.0,0.444394588470459,success,19
30,10,20,0.5,1,0.0,0.25,1,2,50.0,0.7162947058677673,success,20
30,10,20,0.5,1,0.0,0.25,1,3,50.0,0.6970316171646118,success,21
30,10,20,0.5,1,0.0,0.25,1,4,50.0,0.6827796697616577,success,22
30,10,20,0.5,1,0.0,0.25,1,5,50.0,0.697460412979126,success,23
30,10,20,0.5,1,0.0,0.25,1,6,50.0,0.7244858741760254,success,24
30,10,20,0.5,1,0.0,0.25,2,2,50.0,1.4513607025146484,success,25
30,10,20,0.5,1,0.0,0.25,2,3,50.0,1.6260651350021362,success,26
30,10,20,0.5,1,0.0,0.25,2,4,50.0,1.8326689004898071,success,27
30,10,20,0.5,1,0.0,0.25,2,5,50.0,1.9142862558364868,success,28
30,10,20,0.5,1,0.0,0.25,2,6,50.0,2.0142314434051514,success,29
30,10,20,0.5,1,0.1,0.0,0,2,50.0,1.037212610244751,success,30
30,10,20,0.5,1,0.1,0.0,0,3,50.0,1.0363848209381104,success,31
30,10,20,0.5,1,0.1,0.0,0,4,50.0,0.9598046541213989,success,32
30,10,20,0.5,1,0.1,0.0,0,5,50.0,0.9442881941795349,success,33
30,10,20,0.5,1,0.1,0.0,0,6,50.0,0.9711872339248657,success,34
30,10,20,0.5,1,0.1,0.0,1,2,50.0,1.0492160320281982,success,35
30,10,20,0.5,1,0.1,0.0,1,3,50.0,1.015752911567688,success,36
30,10,20,0.5,1,0.1,0.0,1,4,50.0,1.0394845008850098,success,37
30,10,20,0.5,1,0.1,0.0,1,5,50.0,1.081392526626587,success,38
30,10,20,0.5,1,0.1,0.0,1,6,50.0,1.1054105758666992,success,39
30,10,20,0.5,1,0.1,0.0,2,2,50.0,0.4647181034088135,success,40
30,10,20,0.5,1,0.1,0.0,2,3,50.0,0.3794603943824768,success,41
30,10,20,0.5,1,0.1,0.0,2,4,50.0,0.3278503119945526,success,42
30,10,20,0.5,1,0.1,0.0,2,5,50.0,0.3500003516674042,success,43
30,10,20,0.5,1,0.1,0.0,2,6,50.0,0.36763301491737366,success,44
30,10,20,0.5,1,0.1,0.25,0,2,50.0,0.5522683262825012,success,45
30,10,20,0.5,1,0.1,0.25,0,3,50.0,0.4800732433795929,success,46
30,10,20,0.5,1,0.1,0.25,0,4,50.0,0.4959283471107483,success,47
30,10,20,0.5,1,0.1,0.25,0,5,50.0,0.504028856754303,success,48
30,10,20,0.5,1,0.1,0.25,0,6,50.0,0.5622919201850891,success,49
30,10,20,0.5,1,0.1,0.25,1,2,50.0,0.49161142110824585,success,50
30,10,20,0.5,1,0.1,0.25,1,3,50.0,0.39770227670669556,success,51
30,10,20,0.5,1,0.1,0.25,1,4,50.0,0.35716864466667175,success,52
30,10,20,0.5,1,0.1,0.25,1,5,50.0,0.3406866788864136,success,53
30,10,20,0.5,1,0.1,0.25,1,6,50.0,0.35541385412216187,success,54
30,10,20,0.5,1,0.1,0.25,2,2,50.0,0.5158015489578247,success,55
30,10,20,0.5,1,0.1,0.25,2,3,50.0,0.4273949861526489,success,56
30,10,20,0.5,1,0.1,0.25,2,4,50.0,0.42034345865249634,success,57
30,10,20,0.5,1,0.1,0.25,2,5,50.0,0.44980886578559875,success,58
30,10,20,0.5,1,0.1,0.25,2,6,50.0,0.4676916003227234,success,59
50,10,20,0.5,1,0.0,0.0,0,2,50.0,1.0135897397994995,success,60
50,10,20,0.5,1,0.0,0.0,0,3,50.0,1.0552504062652588,success,61
50,10,20,0.5,1,0.0,0.0,0,4,50.0,0.9590542316436768,success,62
50,10,20,0.5,1,0.0,0.0,0,5,50.0,1.0142558813095093,success,63
50,10,20,0.5,1,0.0,0.0,0,6,50.0,0.9689762592315674,success,64
50,10,20,0.5,1,0.0,0.0,1,2,50.0,0.4873238205909729,success,65
50,10,20,0.5,1,0.0,0.0,1,3,50.0,0.39815741777420044,success,66
50,10,20,0.5,1,0.0,0.0,1,4,50.0,0.4526030123233795,success,67
50,10,20,0.5,1,0.0,0.0,1,5,50.0,0.4512679874897003,success,68
50,10,20,0.5,1,0.0,0.0,1,6,50.0,0.46922022104263306,success,69
50,10,20,0.5,1,0.0,0.0,2,2,50.0,1.6198723316192627,success,70
50,10,20,0.5,1,0.0,0.0,2,3,50.0,1.8015037775039673,success,71
50,10,20,0.5,1,0.0,0.0,2,4,50.0,1.9393776655197144,success,72
50,10,20,0.5,1,0.0,0.0,2,5,50.0,2.052734851837158,success,73
50,10,20,0.5,1,0.0,0.0,2,6,50.0,2.097973585128784,success,74
50,10,20,0.5,1,0.0,0.25,0,2,50.0,1.064069390296936,success,75
50,10,20,0.5,1,0.0,0.25,0,3,50.0,0.9496256113052368,success,76
50,10,20,0.5,1,0.0,0.25,0,4,50.0,0.9596958160400391,success,77
50,10,20,0.5,1,0.0,0.25,0,5,50.0,1.0047392845153809,success,78
50,10,20,0.5,1,0.0,0.25,0,6,50.0,1.0270887613296509,success,79
50,10,20,0.5,1,0.0,0.25,1,2,50.0,0.44065535068511963,success,80
50,10,20,0.5,1,0.0,0.25,1,3,50.0,0.3562435805797577,success,81
50,10,20,0.5,1,0.0,0.25,1,4,50.0,0.29672184586524963,success,82
50,10,20,0.5,1,0.0,0.25,1,5,50.0,0.27587658166885376,success,83
50,10,20,0.5,1,0.0,0.25,1,6,50.0,0.27425098419189453,success,84
50,10,20,0.5,1,0.0,0.25,2,2,50.0,1.0162054300308228,success,85
50,10,20,0.5,1,0.0,0.25,2,3,50.0,0.9012661576271057,success,86
50,10,20,0.5,1,0.0,0.25,2,4,50.0,0.8513176441192627,success,87
50,10,20,0.5,1,0.0,0.25,2,5,50.0,0.8591411113739014,success,88
50,10,20,0.5,1,0.0,0.25,2,6,50.0,0.902634859085083,success,89
50,10,20,0.5,1,0.1,0.0,0,2,50.0,0.7997490763664246,success,90
50,10,20,0.5,1,0.1,0.0,0,3,50.0,0.7282834649085999,success,91
50,10,20,0.5,1,0.1,0.0,0,4,50.0,0.7502937912940979,success,92
50,10,20,0.5,1,0.1,0.0,0,5,50.0,0.7690342664718628,success,93
50,10,20,0.5,1,0.1,0.0,0,6,50.0,0.7565569877624512,success,94
50,10,20,0.5,1,0.1,0.0,1,2,50.0,0.4645567238330841,success,95
50,10,20,0.5,1,0.1,0.0,1,3,50.0,0.36745139956474304,success,96
50,10,20,0.5,1,0.1,0.0,1,4,50.0,0.3423825800418854,success,97
50,10,20,0.5,1,0.1,0.0,1,5,50.0,0.36379867792129517,success,98
50,10,20,0.5,1,0.1,0.0,1,6,50.0,0.3865269720554352,success,99
50,10,20,0.5,1,0.1,0.0,2,2,50.0,1.594577431678772,success,100
50,10,20,0.5,1,0.1,0.0,2,3,50.0,1.780748724937439,success,101
50,10,20,0.5,1,0.1,0.0,2,4,50.0,1.9129903316497803,success,102
50,10,20,0.5,1,0.1,0.0,2,5,50.0,2.032731294631958,success,103
50,10,20,0.5,1,0.1,0.0,2,6,50.0,2.1096925735473633,success,104
50,10,20,0.5,1,0.1,0.25,0,2,50.0,1.4831503629684448,success,105
50,10,20,0.5,1,0.1,0.25,0,3,50.0,1.662428855895996,success,106
50,10,20,0.5,1,0.1,0.25,0,4,50.0,1.7494914531707764,success,107
50,10,20,0.5,1,0.1,0.25,0,5,50.0,1.8530992269515991,success,108
50,10,20,0.5,1,0.1,0.25,0,6,50.0,1.9270519018173218,success,109
50,10,20,0.5,1,0.1,0.25,1,2,50.0,1.5222305059432983,success,110
50,10,20,0.5,1,0.1,0.25,1,3,50.0,1.705454707145691,success,111
50,10,20,0.5,1,0.1,0.25,1,4,50.0,1.8904362916946411,success,112
50,10,20,0.5,1,0.1,0.25,1,5,50.0,2.0137031078338623,success,113
50,10,20,0.5,1,0.1,0.25,1,6,50.0,2.1400249004364014,success,114
50,10,20,0.5,1,0.1,0.25,2,2,50.0,1.2140841484069824,success,115
50,10,20,0.5,1,0.1,0.25,2,3,50.0,1.2900176048278809,success,116
50,10,20,0.5,1,0.1,0.25,2,4,50.0,1.296295404434204,success,117
50,10,20,0.5,1,0.1,0.25,2,5,50.0,1.284563660621643,success,118
50,10,20,0.5,1,0.1,0.25,2,6,50.0,1.3333337306976318,success,119
75,10,20,0.5,1,0.0,0.0,0,2,50.0,1.3448350429534912,success,120
75,10,20,0.5,1,0.0,0.0,0,3,50.0,1.4751472473144531,success,121
75,10,20,0.5,1,0.0,0.0,0,4,50.0,1.5781333446502686,success,122
75,10,20,0.5,1,0.0,0.0,0,5,50.0,1.6580710411071777,success,123
75,10,20,0.5,1,0.0,0.0,0,6,50.0,1.714754343032837,success,124
75,10,20,0.5,1,0.0,0.0,1,2,50.0,1.5249346494674683,success,125
75,10,20,0.5,1,0.0,0.0,1,3,50.0,1.5765702724456787,success,126
75,10,20,0.5,1,0.0,0.0,1,4,50.0,1.6288691759109497,success,127
75,10,20,0.5,1,0.0,0.0,1,5,50.0,1.6538954973220825,success,128
75,10,20,0.5,1,0.0,0.0,1,6,50.0,1.7249826192855835,success,129
75,10,20,0.5,1,0.0,0.0,2,2,50.0,0.6924606561660767,success,130
75,10,20,0.5,1,0.0,0.0,2,3,50.0,0.6086741089820862,success,131
75,10,20,0.5,1,0.0,0.0,2,4,50.0,0.6076074838638306,success,132
75,10,20,0.5,1,0.0,0.0,2,5,50.0,0.6201585531234741,success,133
75,10,20,0.5,1,0.0,0.0,2,6,50.0,0.6681878566741943,success,134
75,10,20,0.5,1,0.0,0.25,0,2,50.0,1.4755882024765015,success,135
75,10,20,0.5,1,0.0,0.25,0,3,50.0,1.5888252258300781,success,136
75,10,20,0.5,1,0.0,0.25,0,4,50.0,1.7058709859848022,success,137
75,10,20,0.5,1,0.0,0.25,0,5,50.0,1.783599853515625,success,138
75,10,20,0.5,1,0.0,0.25,0,6,50.0,1.8795959949493408,success,139
75,10,20,0.5,1,0.0,0.25,1,2,50.0,0.4399982690811157,success,140
75,10,20,0.5,1,0.0,0.25,1,3,50.0,0.3306673467159271,success,141
75,10,20,0.5,1,0.0,0.25,1,4,50.0,0.2693908214569092,success,142
75,10,20,0.5,1,0.0,0.25,1,5,50.0,0.24087867140769958,success,143
75,10,20,0.5,1,0.0,0.25,1,6,50.0,0.23490040004253387,success,144
75,10,20,0.5,1,0.0,0.25,2,2,50.0,0.5105287432670593,success,145
75,10,20,0.5,1,0.0,0.25,2,3,50.0,0.42431822419166565,success,146
75,10,20,0.5,1,0.0,0.25,2,4,50.0,0.4008008539676666,success,147
75,10,20,0.5,1,0.0,0.25,2,5,50.0,0.42339956760406494,success,148
75,10,20,0.5,1,0.0,0.25,2,6,50.0,0.43604031205177307,success,149
75,10,20,0.5,1,0.1,0.0,0,2,50.0,1.229263424873352,success,150
75,10,20,0.5,1,0.1,0.0,0,3,50.0,1.2816402912139893,success,151
75,10,20,0.5,1,0.1,0.0,0,4,50.0,1.2448312044143677,success,152
75,10,20,0.5,1,0.1,0.0,0,5,50.0,1.1662744283676147,success,153
75,10,20,0.5,1,0.1,0.0,0,6,50.0,1.1654003858566284,success,154
75,10,20,0.5,1,0.1,0.0,1,2,50.0,0.7646625638008118,success,155
75,10,20,0.5,1,0.1,0.0,1,3,50.0,0.6783304810523987,success,156
75,10,20,0.5,1,0.1,0.0,1,4,50.0,0.6397504210472107,success,157
75,10,20,0.5,1,0.1,0.0,1,5,50.0,0.6641308665275574,success,158
75,10,20,0.5,1,0.1,0.0,1,6,50.0,0.712250292301178,success,159
75,10,20,0.5,1,0.1,0.0,2,2,50.0,0.45778951048851013,success,160
75,10,20,0.5,1,0.1,0.0,2,3,50.0,0.35854288935661316,success,161
75,10,20,0.5,1,0.1,0.0,2,4,50.0,0.31353437900543213,success,162
75,10,20,0.5,1,0.1,0.0,2,5,50.0,0.3130156993865967,success,163
75,10,20,0.5,1,0.1,0.0,2,6,50.0,0.3256005644798279,success,164
75,10,20,0.5,1,0.1,0.25,0,2,50.0,1.4773765802383423,success,165
75,10,20,0.5,1,0.1,0.25,0,3,50.0,1.6235036849975586,success,166
75,10,20,0.5,1,0.1,0.25,0,4,50.0,1.695752501487732,success,167
75,10,20,0.5,1,0.1,0.25,0,5,50.0,1.7961751222610474,success,168
75,10,20,0.5,1,0.1,0.25,0,6,50.0,1.8302525281906128,success,169
75,10,20,0.5,1,0.1,0.25,1,2,50.0,1.144875407218933,success,170
75,10,20,0.5,1,0.1,0.25,1,3,50.0,0.9917119145393372,success,171
75,10,20,0.5,1,0.1,0.25,1,4,50.0,0.9495719075202942,success,172
75,10,20,0.5,1,0.1,0.25,1,5,50.0,0.9338176250457764,success,173
75,10,20,0.5,1,0.1,0.25,1,6,50.0,0.958382248878479,success,174
75,10,20,0.5,1,0.1,0.25,2,2,50.0,0.49591678380966187,success,175
75,10,20,0.5,1,0.1,0.25,2,3,50.0,0.43908917903900146,success,176
75,10,20,0.5,1,0.1,0.25,2,4,50.0,0.4525375962257385,success,177
75,10,20,0.5,1,0.1,0.25,2,5,50.0,0.48847028613090515,success,178
75,10,20,0.5,1,0.1,0.25,2,6,50.0,0.5196449160575867,success,179
